Workbook

Sheet Metadata
A1: Expedition: | B1: Saba bank pregnant tiger shark 2021
A2: Dates: | B2: 01/08/2021 - 06/08/2021
A3: Location: | B3: Saba_bank
A5: Participants: | E5: Sites:
A6: Giancarlo Nunes | B6: FPNA | E6: moonfish_reef
A7: Tadzio Bervoets | B7: DCNA | E7: poison_bank
A8: Roxanne-Liana Francisca | B8: STINAPA
A9: Paulo Bertuol | B9: STINAPA | E9: Shark names:
A10: Guido Leurs | B10: Uni Groningen | E10: Male | F10: Female
A11: Arjan de Groene | B11: WWF-NL | E11: Maestro Angelo | F11: Chloe Brigitte
A12: Ayumi Kuramae | B12: SCF | E12: Cornelis Sprado | F12: Oma Brigitte
A13: Dahlia Hassell | B13: DCNA | E13: Castor Sprado | F13: Koekie
A14: Marijn van der Laan | B14: SCF | E14: Ijzer | F14: Kinky
A15: Francois Mille | B15: STENAPA | E15: Aldo | F15: Felix Bamborough
A16: Marit Pistor | B16: STENAPA | E16: Oom Neef | F16: Nuka
A17: Melanie Meijer | B17: NFSXM
A18: Leslie Hickerson | B18: NFSXM
A19: Daniel Norwood | B19: SXM Divers (photographer)
A20: Brooke Anderson | B20: Arizona State University
A21: Sami Kattan | B21: Beneath the Waves (videographer)
A22: Walter Hynds | B22: SCF
A23: Tom Brokke | B23: SCF
A24: Zachary Johnson | B24: NA.
A25: Emily Malsack | B25: Sea&Learn
A27: Expedition: | B27: RTL TV Expedition 2022
A28: Dates: | B28: 25/11/2022 - 29/11/2022
A29: Location: | B29: St Maarten
A31: Participants: | D31: Sites:
A32: Walter Hynds | B32: SCF | D32: SXM
A33: Marijn van der Laan | B33: SCF
A34: Kai Wulf | B34: SCF
A35: Tom Brokke | B35: SCF
A36: Ayumi Kuramae | B36: SCF
A37: Erwin Winter | B37: WMR
A38: Jeroen Ham | B38: WMR
A39: Francesco Pelizza | B39: WMR
A40: Leslie Hickerson | B40: NFSXM
A41: Delhon Hewitt | B41: NFSXM
A42: Chrsital | B42: NFSXM
A43: Zakiya | B43: NFSXM
A44: Kevin | B44: NFSXM
... A56: Location: | B56: Saba Bank & Saba Marine Park
A58: Participants: | E58: Sites:
A59: Walter Hynds | B59: SCF | E59: Shark Shoals
A60: Tom Brokke | B60: SCF | E60: Outer Limits
A61: Marijn van der Laan | B61: SCF | E61: Poison Bank
A62: Ayumi Kuramae | B62: SCF
A63: Erwin Winter | B63: WMR | E63: Shark names:
A64: Bart Noort | B64: WMR | E64: Male | F64: Female
A65: Rick Verkooijen | B65: HVHL | E65: Maestro Angelo | F65: Chloe Brigitte
A66: Francesco Pelizza | B66: WMR | E66: Cornelis Sprado | F66: Oma Brigitte
A67: Jeroen Ham | B67: WMR | E67: Castor Sprado | F67: Koekie
A68: Puck Heerink | B68: RUG | E68: Ijzer | F68: Kinky
A69: Jilles Sijbrandij | B69: HVHL | E69: Aldo | F69: Felix Bamborough
A70: Jan-Luca | B70: HVHL | E70: Oom Neef | F70: Nuka
A71: Madi Danker | B71: Volunteer
A72: Lissette Beltran | B72: Volunteer
A79: Expedition: | B79: VEMCO WMR and YAG
A80: Dates: | B80: 18 Nov 2022 - 20 Nov 2022 (and November/December 2023
A81: Location: | B81: Saba Bank & Saba Marine Park
A83: Participants: | E83: Sites:
A84: Walter Hynds | B84: SCF | E84: Shark Shoals
A85: Tom Brokke | B85: SCF | E85: Outer Limits
A86: Marijn van der Laan | B86: SCF | E86: Poison Bank
A87: Ayumi Kuramae | B87: SCF
A88: Erwin Winter | B88: WMR
A89: Bart Noort | B89: WMR
A90: Rick Verkooijen | B90: HVHL
A91: Francesco Pelizza | B91: WMR
A92: Jeroen Ham | B92: WMR
A93: Puck Heerink | B93: RUG
A94: Jilles Sijbrandij | B94: HVHL
A95: Jan-Luca | B95: HVHL
A96: Madi Danker | B96: Volunteer
A97: Lissette Beltran | B97: Volunteer
A98: Jasper Raijmakers | B98: Volunteer
... A101: Otto de Vries | B101: Volunteer

Sheet Lookup
A1: Bait: | D1: Data gathered: | G1: Species codes:
A2: S = Snapper | D2: Hook | E2: set number | G2: CRS | H2: Caribbean reef shark
A3: BS = Blackfin snapper | D3: result | E3: BU = bait untouched; BB = bait bitten; BG = bait gone; SH = shark (plus shark number); OTH = other (see comments) | G3: TS | H3: Tiger shark
A4: YS = Yellow eye snapper | D4: shark ID | E4: shark number in sequence | G4: NS | H4: Nurse shark
A5: VS = Vermillion snapper | D5: Bait | E5: BH = bonito head, BM = bonito mid, BT = bonito tail; BF = whole bonito fish, CRS = caribbean reef shark; UNK = unknown
A6: JB = Japanese bait | D6: TL | E6: total length; length from snout to upper lobe of tail fin
A7: BT = Bonito tail | D7: FL | E7: fork length; length from snout to fork in tail
A8: BART = Barracuda tail | D8: PCL | E8: precaudal length; length from snout to caudal pit
A9: BM = Bonito mid | D9: girth | E9: circumference of shark between pectoral and dorsal fin
A10: BAM = Barracuda mid | D10: blood | E10: indicated with sample number
A11: BAH = Barracuda head | D11: Ultrasound | E11: indicated with ultrasound number
A12: WG = White grunt | D12: PIT | E12: internal chip
A13: C = Coney | D13: Floy | E13: orange CSC tags
A14: RBP = Red band parrotfish | D14: Sattelite tag | E14: serial and PITT number
A15: P = Porgy | D15: Cloacal swab | E15: 0 = no cloacal swab; 1 = cloacal swab performed
A16: CW = cotton wick | D16: DNA | E16: taken in form of fin clip; 0 = no DNA taken, 1 = DNA taken
... A18: CG = Ceasar grunt | D18: Stage | E18: Adult = adult, SUB = sub-adult, Juvenile = juvenile
A19: AJ = Amber jack
A20: AJM = Amber jack mid | D20: Data gathered:
A21: AJH = Amber jack head | D21: Method | E21: RR = rod & reel; HL = handline
A22: BW = Bonito whole | D22: Hook | E22: rod/line number
A23: CO_live = Coney alive | D23: result | E23: BU = bait untouched; BB = bait bitten; BG = bait gone; S = shark (plus shark number); OTH = other (see comments)
A24: ESCT = Escolar tail | D24: shark ID | E24: shark number in sequence
A25: NST = Nurse shark tail | D25: Bait | E25: BH = bonito head, BM = bonito mid, BT = bonito tail; CRS = caribbean reef shark; UNK = unknown; OB = Whole bonito
A26: NS = Nurse shark | D26: TL | E26: total length; length from snout to upper lobe of tail fin
A27: NSH = Nurse shark head | D27: FL | E27: fork length; length from snout to fork in tail
A28: RSM = Reef shark mid | D28: PCL | E28: precaudal length; length from snout to caudal pit
A29: ESCH = Escolar head | D29: girth | E29: circumference of shark between pectoral and dorsal fin
A30: LF = Lion fish | D30: blood | E30: indicated with sample number
A31: BH = Bonito head | D31: Ultrasound | E31: indicated with ultrasound number
A32: BAT = Barracuda Tail | D32: PIT | E32: internal chip
... A35: BRT = Blue Runner Tail | D35: Cloacal swab | E35: 0 = no cloacal swab; 1 = cloacal swab performed
D36: DNA | E36: taken in form of fin clip; 0 = no DNA taken, 1 = DNA taken
D37: Acoustic | E37: ID number of the acoustic tag
D38: Serial | E38: Serial number of the Acoustic tag
D41: Data gathered:
D42: Method | E42: RR = rod & reel; HL = handline; DLb = Drumline bottomset; DL = Drumline regular
D43: Hook | E43: rod/line number
D44: result | E44: BU = bait untouched; BB = bait bitten; BG = bait gone; S = shark (plus shark number); OTH = other (see comments)
D45: shark ID | E45: shark number in sequence
D46: Bait | E46: BH = bonito head, BM = bonito mid, BT = bonito tail; CRS = caribbean reef shark; UNK = unknown; OB = Whole bonito
D47: TL | E47: total length; length from snout to upper lobe of tail fin
D48: FL | E48: fork length; length from snout to fork in tail
D49: PCL | E49: precaudal length; length from snout to caudal pit
D50: girth | E50: circumference of shark between pectoral and dorsal fin
D51: blood | E51: indicated with sample number
D52: Ultrasound | E52: indicated with ultrasound number
D53: PIT | E53: internal chip
... D59: Serial | E59: Serial number of the Acoustic tag

Sheet Capture data
A1: Project | B1: Year | C1: Month | D1: Day | E1: shark_id | F1: name | G1: method | H1: set | I1: check | J1: waypoint | K1: latitude | L1: longitude | M1: depth_(m) | N1: location | O1: site | P1: time | Q1: bait | R1: species_sn | S1: species_cn | T1: sex | U1: TL_(cm) | V1: FL_(cm) | W1: PCL_(cm) | X1: girth_(cm) | Y1: DNA | Z1: blood | AA1: PIT | AB1: FLOY | AC1: Acoustic_ID | AD1: Vemco_Serial | AE1: SAT_serial | AF1: satellite_PITT | AG1: ultrasound | AH1: cloacal_swab | AI1: muscle_sample_nr | AJ1: recapture | AK1: comments
A2: SoS | B2: 2014 | C2: October | D2: 23 | E2: UN | F2: Adam | G2: Rod-Hook | K2: 17.64614 | L2: -63.26499 | M2: 28 | N2: Saba Island | O2: Shark Shoal | P2: 0.54166667 | Q2: Jap bait | R2: Carcharhinus perezii | S2: Caribbean Reef Shark | T2: M | U2: 150 | V2: NA | W2: NA | X2: NA | Y2: 0 | Z2: 0 | AA2: NA | AB2: NA | AC2: 590 | AD2: NA | AE2: NA | AF2: NA | AG2: NA | AH2: 0 | AI2: NA | AJ2: 0
A3: SoS | B3: 2014 | C3: October | D3: 23 | E3: UN | F3: Barbara | G3: Rod-Hook | K3: 17.64614 | L3: -63.26499 | M3: 28 | N3: Saba Island | O3: Shark Shoal | P3: 0.56944444 | Q3: Jap bait | R3: Carcharhinus perezii | S3: Caribbean Reef Shark | T3: F | U3: 184 | V3: NA | W3: NA | X3: NA | Y3: 0 | Z3: 0 | AA3: NA | AB3: NA | AC3: 591 | AD3: NA | AE3: NA | AF3: NA | AG3: NA | AH3: 0 | AI3: NA | AJ3: 0
A4: SoS | B4: 2014 | C4: October | D4: 24 | E4: UN | F4: Chelsea | G4: Rod-Hook | K4: 17.63205 | L4: -63.2743 | M4: 28 | N4: Saba Island | O4: Third Encounter | P4: 0.39583333 | Q4: Jap bait | R4: Carcharhinus perezii | S4: Caribbean Reef Shark | T4: F | U4: 180 | V4: NA | W4: NA | X4: NA | Y4: 0 | Z4: 0 | AA4: NA | AB4: NA | AC4: 592 | AD4: NA | AE4: NA | AF4: NA | AG4: NA | AH4: 0 | AI4: NA | AJ4: 0
A5: SoS | B5: 2014 | C5: October | D5: 24 | E5: UN | F5: Dahlia | G5: Rod-Hook | K5: 17.6328 | L5: -63.27462 | M5: 29 | N5: Saba Island | O5: Twilight Zone | P5: 0.52430556 | Q5: Black Jack | R5: Carcharhinus perezii | S5: Caribbean Reef Shark | T5: F | U5: 131 | V5: NA | W5: NA | X5: NA | Y5: 0 | Z5: 0 | AA5: NA | AB5: NA | AC5: 593 | AD5: NA | AE5: NA | AF5: NA | AG5: NA | AH5: 0 | AI5: NA | AJ5: 0
A6: SoS | B6: 2014 | C6: October | D6: 24 | E6: UN | F6: Eric | G6: Rod-Hook | K6: 17.6328 | L6: -63.27462 | M6: 29 | N6: Saba Island | O6: Twilight Zone | P6: 0.53472222 | Q6: Black Jack | R6: Carcharhinus perezii | S6: Caribbean Reef Shark | T6: M | U6: 115 | V6: NA | W6: NA | X6: NA | Y6: 0 | Z6: 0 | AA6: NA | AB6: NA | AC6: 594 | AD6: NA | AE6: NA | AF6: NA | AG6: NA | AH6: 0 | AI6: NA | AJ6: 0
A7: SoS | B7: 2014 | C7: October | D7: 24 | E7: UN | F7: Fifi | G7: Rod-Hook | K7: 17.6328 | L7: -63.27462 | M7: 29 | N7: Saba Island | O7: Twilight Zone | P7: 0.57291667 | Q7: Black Jack | R7: Carcharhinus perezii | S7: Caribbean Reef Shark | T7: F | U7: 125 | V7: NA | W7: NA | X7: NA | Y7: 0 | Z7: 0 | AA7: NA | AB7: NA | AC7: 595 | AD7: NA | AE7: NA | AF7: NA | AG7: NA | AH7: 0 | AI7: NA | AJ7: 0
A8: SoS | B8: 2014 | C8: October | D8: 25 | E8: UN | F8: Gonzalo | G8: Longline-monofyl | K8: 17.64888 | L8: -63.2311 | M8: 16 | N8: Saba Island | O8: Green Island | P8: 0.51041667 | Q8: Blue runner | R8: Carcharhinus perezii | S8: Caribbean Reef Shark | T8: M | U8: 178 | V8: NA | W8: NA | X8: NA | Y8: 0 | Z8: 0 | AA8: NA | AB8: NA | AC8: 596 | AD8: NA | AE8: NA | AF8: NA | AG8: NA | AH8: 0 | AI8: NA | AJ8: 0
A9: SoS | B9: 2014 | C9: October | D9: 25 | E9: UN | F9: Hilde | G9: Longline-monofyl | K9: 17.64888 | L9: -63.2311 | M9: 16 | N9: Saba Island | O9: Green Island | P9: 0.51041667 | Q9: Blue runner | R9: Ginglymostoma cirratum | S9: Nurse shark | T9: F | U9: 210 | V9: NA | W9: NA | X9: NA | Y9: 0 | Z9: 0 | AA9: NA | AB9: NA | AC9: 600 | AD9: NA | AE9: NA | AF9: NA | AG9: NA | AH9: 0 | AI9: NA | AJ9: 0
A10: SoS | B10: 2014 | C10: October | D10: 26 | E10: UN | F10: Ira | G10: Longline-SSline 1 sinker | K10: 17.61771 | L10: -63.22617 | M10: 40 | N10: Saba Island | O10: Hole in the Corner | P10: 0.70833333 | Q10: Red Hind | R10: Carcharhinus perezii | S10: Caribbean Reef Shark | T10: M | U10: 163 | V10: NA | W10: NA | X10: NA | Y10: 0 | Z10: 0 | AA10: NA | AB10: NA | AC10: 597 | AD10: NA | AE10: NA | AF10: NA | AG10: NA | AH10: 0 | AI10: NA | AJ10: 0
A11: SoS | B11: 2014 | C11: October | D11: 28 | E11: UN | F11: Jelle | G11: Longline-monofyl | K11: 17.61252 | L11: -63.23623 | M11: 16 | N11: Saba Island | O11: SE Big rock market | P11: 0.85763889 | Q11: Blackfin snapper +jap bait | R11: Ginglymostoma cirratum | S11: Nurse shark | T11: M | U11: 104 | V11: NA | W11: NA | X11: NA | Y11: 0 | Z11: 0 | AA11: NA | AB11: NA | AC11: 601 | AD11: NA | AE11: NA | AF11: NA | AG11: NA | AH11: 0 | AI11: NA | AJ11: 0
A12: SoS | B12: 2014 | C12: October | D12: 29 | E12: UN | F12: Kathy | G12: Lobster Pot | K12: 17.64888 | L12: -63.2311 | M12: 16 | N12: Saba Island | O12: Green Island (200 m E) | P12: 0.44791667 | Q12: cow-skin | R12: Ginglymostoma cirratum | S12: Nurse shark | T12: F | U12: 105 | V12: NA | W12: NA | X12: NA | Y12: 0 | Z12: 0 | AA12: NA | AB12: NA | AC12: 599 | AD12: NA | AE12: NA | AF12: NA | AG12: NA | AH12: 0 | AI12: NA | AJ12: 0 | AK12: set for several weeks, nurse shark was very lively
A13: SoS | B13: 2014 | C13: October | D13: 29 | E13: UN | F13: Lea | G13: Lobster Pot | K13: 17.64888 | L13: -63.2311 | M13: 18 | N13: Saba Island | O13: Green Island (400 m E) | P13: 0.45486111 | Q13: cow-skin | R13: Ginglymostoma cirratum | S13: Nurse shark | T13: F | U13: 94 | V13: NA | W13: NA | X13: NA | Y13: 0 | Z13: 0 | AA13: NA | AB13: NA | AC13: 598 | AD13: NA | AE13: NA | AF13: NA | AG13: NA | AH13: 0 | AI13: NA | AJ13: 0 | AK13: set for several weeks, nurse shark was very lively
A14: SoS | B14: 2015 | C14: October | D14: 31 | E14: UN | F14: Mel | G14: Rod-Hook | K14: 17.64888 | L14: -63.2311 | M14: 15 | N14: SXM | O14: Fish Bowl | P14: 0.58333333 | Q14: pilchard head | R14: Ginglymostoma cirratum | S14: Nurse shark | T14: M | U14: 120 | V14: NA | W14: NA | X14: NA | Y14: 0 | Z14: 0 | AA14: NA | AB14: NA | AC14: 20564 | AD14: 1226325 | AE14: NA | AF14: NA | AG14: NA | AH14: 0 | AI14: NA | AJ14: 0
A15: SoS | B15: 2015 | C15: July | D15: 11 | E15: UN | F15: Noor | G15: Rod-Hook | K15: 17.9881 | L15: -63.05137 | M15: 27 | N15: St. Eustatius | O15: The Gorge | P15: 0.67708333 | Q15: fresh barracuda | R15: Ginglymostoma cirratum | S15: Nurse shark | T15: F | U15: 206 | V15: NA | W15: NA | X15: NA | Y15: 0 | Z15: 0 | AA15: NA | AB15: NA | AC15: 20565 | AD15: 1226326 | AE15: NA | AF15: NA | AG15: NA | AH15: 0 | AI15: NA | AJ15: 0 | AK15: few remora's accompagning it and waiting near the boat until the nurse was released again!
A16: SoS | B16: 2015 | C16: November | D16: 11 | E16: UN | F16: Olivia | G16: Rod-Hook | K16: 17.40118 | L16: -63.19963 | M16: 16 | N16: Saba Bank | O16: Saba Bank | P16: 0.4375 | Q16: Jap bait/barracuda | R16: Carcharhinus perezii | S16: Caribbean Reef Shark | T16: F | U16: 105 | V16: NA | W16: NA | X16: NA | Y16: 0 | Z16: 0 | AA16: NA | AB16: NA | AC16: 20566 | AD16: 1226327 | AE16: NA | AF16: NA | AG16: NA | AH16: 0 | AI16: NA | AJ16: 0 | AK16: At receiver 75
A17: SoS | B17: 2015 | C17: November | D17: 11 | E17: UN | F17: Paddy | G17: Rod-Hook | K17: 17.40118 | L17: -63.19963 | M17: 16 | N17: Saba Bank | O17: Saba Bank | P17: 0.45138889 | Q17: Jap bait/barracuda | R17: Carcharhinus perezii | S17: Caribbean Reef Shark | T17: F | U17: 99 | V17: NA | W17: NA | X17: NA | Y17: 0 | Z17: 0 | AA17: NA | AB17: NA | AC17: 20567 | AD17: 1226328 | AE17: NA | AF17: NA | AG17: NA | AH17: 0 | AI17: NA | AJ17: 0 | AK17: At receiver 75
A18: SoS | B18: 2015 | C18: November | D18: 11 | E18: UN | F18: Queenie | G18: Rod-Hook | K18: 17.40118 | L18: -63.19963 | M18: 16 | N18: Saba Bank | O18: Saba Bank | P18: 0.48958333 | Q18: Jap bait/barracuda | R18: Carcharhinus perezii | S18: Caribbean Reef Shark | T18: F | U18: 103 | V18: NA | W18: NA | X18: NA | Y18: 0 | Z18: 0 | AA18: NA | AB18: NA | AC18: 20568 | AD18: 1226329 | AE18: NA | AF18: NA | AG18: NA | AH18: 0 | AI18: NA | AJ18: 0 | AK18: At receiver 75
A19: SoS | B19: 2015 | C19: November | D19: 11 | E19: UN | F19: Rebecca | G19: Rod-Hook | K19: 17.40118 | L19: -63.19963 | M19: 16 | N19: Saba Bank | O19: Saba Bank | P19: 0.49097222 | Q19: Jap bait/barracuda | R19: Ginglymostoma cirratum | S19: Nurse shark | T19: F | U19: 163 | V19: NA | W19: NA | X19: NA | Y19: 0 | Z19: 0 | AA19: NA | AB19: NA | AC19: 20569 | AD19: 1226330 | AE19: NA | AF19: NA | AG19: NA | AH19: 0 | AI19: NA | AJ19: 0 | AK19: At receiver 75
A20: SoS | B20: 2015 | C20: November | D20: 12 | E20: UN | F20: Suus | G20: Rod-Hook | K20: 17.40118 | L20: -63.19963 | M20: 16 | N20: Saba Bank | O20: Saba Bank | P20: 0.42708333 | Q20: Jap bait/barracuda | R20: Carcharhinus perezii | S20: Caribbean Reef Shark | T20: M | U20: 109 | V20: NA | W20: NA | X20: NA | Y20: 0 | Z20: 0 | AA20: NA | AB20: NA | AC20: 20570 | AD20: 1226331 | AE20: NA | AF20: NA | AG20: NA | AH20: 0 | AI20: NA | AJ20: 0 | AK20: At receiver 75
A21: SoS | B21: 2015 | C21: November | D21: 12 | E21: UN | F21: Tadzio | G21: Rod-Hook | K21: 17.40118 | L21: -63.19963 | M21: 16 | N21: Saba Bank | O21: Saba Bank | P21: 0.48263889 | Q21: Jap bait/barracuda | R21: Carcharhinus perezii | S21: Caribbean Reef Shark | T21: M | U21: 112 | V21: NA | W21: NA | X21: NA | Y21: 0 | Z21: 0 | AA21: NA | AB21: NA | AC21: 20571 | AD21: 1226332 | AE21: NA | AF21: NA | AG21: NA | AH21: 0 | AI21: NA | AJ21: 0 | AK21: At receiver 75
A22: SoS | B22: 2016 | C22: January | D22: 13 | E22: UN | F22: Urs | G22: Rod-Hook | K22: 17.44647 | L22: -63.59173 | M22: 40 | N22: Saba Bank | O22: Saba Bank | P22: 0.42708333 | Q22: Jap bait | R22: Carcharhinus perezii | S22: Caribbean Reef Shark | T22: M | U22: 142 | V22: NA | W22: NA | X22: NA | Y22: 0 | Z22: 0 | AA22: NA | AB22: NA | AC22: 20572 | AD22: 1226333 | AE22: NA | AF22: NA | AG22: NA | AH22: 0 | AI22: NA | AJ22: 0 | AK22: At receiver 77 (wreck)
A23: SoS | B23: 2016 | C23: January | D23: 13 | E23: UN | F23: Vera | G23: Rod-Hook | K23: 17.44647 | L23: -63.59173 | M23: 40 | N23: Saba Bank | O23: Saba Bank | P23: 0.4375 | Q23: Jap bait | R23: Carcharhinus perezii | S23: Caribbean Reef Shark | T23: F | U23: 162 | V23: NA | W23: NA | X23: NA | Y23: 0 | Z23: 0 | AA23: NA | AB23: NA | AC23: 20573 | AD23: 1226334 | AE23: NA | AF23: NA | AG23: NA | AH23: 0 | AI23: NA | AJ23: 0 | AK23: At receiver 77 (wreck)
A24: SoS | B24: 2016 | C24: January | D24: 13 | E24: UN | F24: Wulf | G24: Rod-Hook | K24: 17.44647 | L24: -63.59173 | M24: 40 | N24: Saba Bank | O24: Saba Bank | P24: 0.47916667 | Q24: Jap bait | T24: M | U24: 113 | V24: NA | W24: NA | X24: NA | Y24: 0 | Z24: 0 | AA24: NA | AB24: NA | AC24: 20574 | AD24: 1226335 | AE24: NA | AF24: NA | AG24: NA | AH24: 0 | AI24: NA | AJ24: 0 | AK24: At receiver 77 (wreck)
A25: SoS | B25: 2016 | C25: January | D25: 13 | E25: UN | F25: Xena | G25: Rod-Hook | K25: 17.44647 | L25: -63.59173 | M25: 40 | N25: Saba Bank | O25: Saba Bank | P25: 0.52083333 | Q25: Jap bait | R25: Carcharhinus perezii | S25: Caribbean Reef Shark | T25: F | U25: 150 | V25: NA | W25: NA | X25: NA | Y25: 0 | Z25: 0 | AA25: NA | AB25: NA | AC25: 20575 | AD25: 1226336 | AE25: NA | AF25: NA | AG25: NA | AH25: 0 | AI25: NA | AJ25: 0 | AK25: At receiver 77 (wreck)
A26: SoS | B26: 2016 | C26: January | D26: 14 | E26: UN | F26: Yvette | G26: Rod-Hook | K26: 0.646 nm east from receiver 76 | L26: UN | M26: 40 | N26: Saba Bank | O26: Saba Bank | P26: 0.41666667 | Q26: barracuda | R26: Carcharhinus perezii | S26: Caribbean Reef Shark | T26: F | U26: 171 | V26: NA | W26: NA | X26: NA | Y26: 0 | Z26: 0 | AA26: NA | AB26: NA | AC26: 20576 | AD26: 1226337 | AE26: NA | AF26: NA | AG26: NA | AH26: 0 | AI26: NA | AJ26: 0 | AK26: 0.646 nm east from receiver 76
A27: SoS | B27: 2016 | C27: January | D27: 19 | E27: UN | F27: Zorro | G27: Rod-Hook | K27: 17.40118 | L27: -63.19963 | M27: 27 | N27: St. Eustatius | O27: The Gorge | P27: 0.4375 | Q27: barracuda | R27: Carcharhinus perezii | S27: Caribbean Reef Shark | T27: M | U27: 155 | V27: NA | W27: NA | X27: NA | Y27: 0 | Z27: 0 | AA27: NA | AB27: NA | AC27: 20577 | AD27: 1226338 | AE27: NA | AF27: NA | AG27: NA | AH27: 0 | AI27: NA | AJ27: 0 | AK27: Grand Canyon near receiver 480311
A28: SoS | B28: 2016 | C28: January | D28: 19 | E28: UN | F28: Angel | G28: Rod-Hook | K28: 17.40118 | L28: -63.19963 | M28: 27 | N28: St. Eustatius | O28: The Gorge | P28: 0.48958333 | Q28: barracuda | R28: Carcharhinus perezii | S28: Caribbean Reef Shark | T28: F | U28: 148 | V28: NA | W28: NA | X28: NA | Y28: 0 | Z28: 0 | AA28: NA | AB28: NA | AC28: 20578 | AD28: 1226339 | AE28: NA | AF28: NA | AG28: NA | AH28: 0 | AI28: NA | AJ28: 0 | AK28: Grand Canyon near receiver 480311
A29: SoS | B29: 2016 | C29: January | D29: 19 | E29: UN | F29: Belle | G29: Rod-Hook | K29: 17.40118 | L29: -63.19963 | M29: 27 | N29: St. Eustatius | O29: The Gorge | P29: 0.54166667 | Q29: barracuda | R29: Carcharhinus perezii | S29: Caribbean Reef Shark | T29: F | U29: 102 | V29: NA | W29: NA | X29: NA | Y29: 0 | Z29: 0 | AA29: NA | AB29: NA | AC29: 20579 | AD29: 1226340 | AE29: NA | AF29: NA | AG29: NA | AH29: 0 | AI29: NA | AJ29: 0 | AK29: Grand Canyon near receiver 480311
A30: SoS | B30: 2014 | C30: November | D30: 23 | E30: UN | F30: NA | G30: Rod-Hook | K30: 17.64614 | L30: -63.26499 | M30: UN | N30: Saba Island | O30: Shark Shoal | P30: 0.54166667 | Q30: UN | R30: Carcharhinus perezii | S30: Caribbean Reef Shark | T30: M | U30: 150 | V30: NA | W30: NA | X30: NA | Y30: 0 | Z30: 0 | AA30: NA | AB30: NA | AC30: NA | AD30: 23809 | AE30: NA | AF30: NA | AG30: NA | AH30: 0 | AI30: NA | AJ30: 0
A31: SoS | B31: 2015 | C31: November | D31: 23 | E31: UN | F31: NA | G31: Rod-Hook | K31: 17.64614 | L31: -63.26499 | M31: UN | N31: Saba Island | O31: Shark Shoal | P31: 0.56944444 | Q31: UN | R31: Carcharhinus perezii | S31: Caribbean Reef Shark | T31: F | U31: 184 | V31: NA | W31: NA | X31: NA | Y31: 0 | Z31: 0 | AA31: NA | AB31: NA | AC31: NA | AD31: 23810 | AE31: NA | AF31: NA | AG31: NA | AH31: 0 | AI31: NA | AJ31: 0
A32: SoS | B32: 2014 | C32: November | D32: 24 | E32: UN | F32: NA | G32: Rod-Hook | K32: 17.63205 | L32: -63.2743 | M32: UN | N32: Saba Island | O32: Third Encounter | P32: 0.39583333 | Q32: UN | R32: Carcharhinus perezii | S32: Caribbean Reef Shark | T32: F | U32: 180 | V32: NA | W32: NA | X32: NA | Y32: 0 | Z32: 0 | AA32: NA | AB32: NA | AC32: NA | AD32: 23811 | AE32: NA | AF32: NA | AG32: NA | AH32: 0 | AI32: NA | AJ32: 0
A33: SoS | B33: 2015 | C33: November | D33: 24 | E33: UN | F33: NA | G33: Rod-Hook | K33: 17.6328 | L33: -63.27462 | M33: UN | N33: Saba Island | O33: Twilight Zone | P33: 0.52430556 | Q33: UN | R33: Carcharhinus perezii | S33: Caribbean Reef Shark | T33: F | U33: 131 | V33: NA | W33: NA | X33: NA | Y33: 0 | Z33: 0 | AA33: NA | AB33: NA | AC33: NA | AD33: 23812 | AE33: NA | AF33: NA | AG33: NA | AH33: 0 | AI33: NA | AJ33: 0
A34: SoS | B34: 2016 | C34: November | D34: 24 | E34: UN | F34: NA | G34: Rod-Hook | K34: 17.6328 | L34: -63.27462 | M34: UN | N34: Saba Island | O34: Twilight Zone | P34: 0.53472222 | Q34: UN | R34: Carcharhinus perezii | S34: Caribbean Reef Shark | T34: M | U34: 115 | V34: NA | W34: NA | X34: NA | Y34: 0 | Z34: 0 | AA34: NA | AB34: NA | AC34: NA | AD34: 23813 | AE34: NA | AF34: NA | AG34: NA | AH34: 0 | AI34: NA | AJ34: 0
A35: SoS | B35: 2017 | C35: November | D35: 24 | E35: UN | F35: NA | G35: Rod-Hook | K35: 17.6328 | L35: -63.27462 | M35: UN | N35: Saba Island | O35: Twilight Zone | P35: 0.57291667 | Q35: UN | R35: Carcharhinus perezii | S35: Caribbean Reef Shark | T35: F | U35: 125 | V35: NA | W35: NA | X35: NA | Y35: 0 | Z35: 0 | AA35: NA | AB35: NA | AC35: NA | AD35: 23814 | AE35: NA | AF35: NA | AG35: NA | AH35: 0 | AI35: NA | AJ35: 0
A36: SoS | B36: 2015 | C36: November | D36: 25 | E36: UN | F36: NA | G36: Longline | K36: 17.64888 | L36: -63.2311 | M36: UN | N36: Saba Island | O36: Green Island | P36: 0.51041667 | Q36: UN | R36: Carcharhinus perezii | S36: Caribbean Reef Shark | T36: M | U36: 178 | V36: NA | W36: NA | X36: NA | Y36: 0 | Z36: 0 | AA36: NA | AB36: NA | AC36: NA | AD36: 23815 | AE36: NA | AF36: NA | AG36: NA | AH36: 0 | AI36: NA | AJ36: 0
A37: SoS | B37: 2014 | C37: November | D37: 26 | E37: UN | F37: NA | G37: Longline | K37: 17.61771 | L37: -63.22617 | M37: UN | N37: Saba Island | O37: Hole in the Corner | P37: 0.70833333 | Q37: UN | R37: Carcharhinus perezii | S37: Caribbean Reef Shark | T37: M | U37: 163 | V37: NA | W37: NA | X37: NA | Y37: 0 | Z37: 0 | AA37: NA | AB37: NA | AC37: NA | AD37: 23816 | AE37: NA | AF37: NA | AG37: NA | AH37: 0 | AI37: NA | AJ37: 0
A38: SoS | B38: 2015 | C38: November | D38: 29 | E38: UN | F38: NA | G38: Lobster Pot | K38: 17.64888 | L38: -63.2311 | M38: UN | N38: Saba Island | O38: Green Island (400 m E) | P38: 0.45486111 | Q38: UN | R38: Ginglymostoma cirratum | S38: Nurse shark | T38: F | U38: 94 | V38: NA | W38: NA | X38: NA | Y38: 0 | Z38: 0 | AA38: NA | AB38: NA | AC38: NA | AD38: 23817 | AE38: NA | AF38: NA | AG38: NA | AH38: 0 | AI38: NA | AJ38: 0
A39: SoS | B39: 2014 | C39: November | D39: 29 | E39: UN | F39: NA | G39: Lobster Pot | K39: 17.64888 | L39: -63.2311 | M39: UN | N39: Saba Island | O39: Green Island (200 m E) | P39: 0.44791667 | Q39: UN | R39: Ginglymostoma cirratum | S39: Nurse shark | T39: F | U39: 105 | V39: NA | W39: NA | X39: NA | Y39: 0 | Z39: 0 | AA39: NA | AB39: NA | AC39: NA | AD39: 23818 | AE39: NA | AF39: NA | AG39: NA | AH39: 0 | AI39: NA | AJ39: 0
A40: SoS | B40: 2016 | C40: November | D40: 25 | E40: UN | F40: NA | G40: Longline | K40: 17.64888 | L40: -63.2311 | M40: UN | N40: Saba Island | O40: Green Island | P40: 0.51041667 | Q40: UN | R40: Ginglymostoma cirratum | S40: Nurse shark | T40: F | U40: 210 | V40: NA | W40: NA | X40: NA | Y40: 0 | Z40: 0 | AA40: NA | AB40: NA | AC40: NA | AD40: 23819 | AE40: NA | AF40: NA | AG40: NA | AH40: 0 | AI40: NA | AJ40: 0
A41: SoS | B41: 2014 | C41: November | D41: 28 | E41: UN | F41: NA | G41: Longline | K41: 17.61252 | L41: -63.23623 | M41: UN | N41: Saba Island | O41: SE Big rock market | P41: 0.85763889 | Q41: UN | R41: Ginglymostoma cirratum | S41: Nurse shark | T41: M | U41: 104 | V41: NA | W41: NA | X41: NA | Y41: 0 | Z41: 0 | AA41: NA | AB41: NA | AC41: NA | AD41: 23820 | AE41: NA | AF41: NA | AG41: NA | AH41: 0 | AI41: NA | AJ41: 0
A42: SoS | B42: 2019 | C42: May | D42: 13 | E42: UN | F42: Cheyenna | G42: Rod-Hook | K42: 63.15.9155 | L42: 17.38.7500 | M42: UN | N42: Saba Island | O42: Shark Shoals | P42: 0.28055556 | Q42: UN | R42: Carcharhinus perezii | S42: Caribbean Reef Shark | T42: F | U42: 195 | V42: NA | W42: NA | X42: NA | Y42: 0 | Z42: 0 | AA42: NA | AB42: NA | AC42: ID7073 | AD42: NA | AE42: NA | AF42: NA | AG42: NA | AH42: 0 | AI42: NA | AJ42: 0 | AK42: stomach out
A43: SoS | B43: 2019 | C43: May | D43: 13 | E43: UN | F43: Danique | G43: Rod-Hook | K43: 63.15.9155 | L43: 17.38.7500 | M43: UN | N43: Saba Island | O43: Shark shoals | P43: 0.3375 | Q43: UN | R43: Carcharhinus perezii | S43: Caribbean Reef Shark | T43: F | U43: 165 | V43: NA | W43: NA | X43: NA | Y43: 0 | Z43: 0 | AA43: NA | AB43: NA | AC43: ID7074 | AD43: NA | AE43: NA | AF43: NA | AG43: NA | AH43: 0 | AI43: NA | AJ43: 0
A44: SoS | B44: 2019 | C44: May | D44: 13 | E44: UN | F44: Erwin | G44: Rod-Hook | K44: 63.13.3909 | L44: 17.27.4772 | M44: UN | N44: Saba Island | O44: UN | P44: 0.46527778 | Q44: UN | R44: Carcharhinus perezii | S44: Caribbean Reef Shark | T44: M | U44: 108 | V44: NA | W44: NA | X44: NA | Y44: 0 | Z44: 0 | AA44: NA | AB44: NA | AC44: ID7075 | AD44: NA | AE44: NA | AF44: NA | AG44: NA | AH44: 0 | AI44: NA | AJ44: 0
A45: SoS | B45: 2019 | C45: May | D45: 13 | E45: UN | F45: NA | G45: Rod-Hook | K45: NA | L45: NA | M45: UN | N45: Saba Island | O45: UN | P45: 0.47916667 | Q45: UN | R45: Carcharhinus falciformis | S45: Silky shark | T45: UN | U45: 138 | V45: NA | W45: NA | X45: NA | Y45: 0 | Z45: 0 | AA45: NA | AB45: NA | AC45: NA | AD45: NA | AE45: NA | AF45: NA | AG45: NA | AH45: 0 | AI45: NA | AJ45: 0
A46: SoS | B46: 2019 | C46: May | D46: 13 | E46: UN | F46: NA | G46: Rod-Hook | K46: NA | L46: NA | M46: UN | N46: Saba Island | O46: UN | P46: 0.48958333 | Q46: UN | R46: Carcharhinus falciformis | S46: Silky shark | T46: UN | U46: 129 | V46: NA | W46: NA | X46: NA | Y46: 0 | Z46: 0 | AA46: NA | AB46: NA | AC46: NA | AD46: NA | AE46: NA | AF46: NA | AG46: NA | AH46: 0 | AI46: NA | AJ46: 0
A47: SoS | B47: 2019 | C47: May | D47: 13 | E47: UN | F47: Floris | G47: Rod-Hook | K47: 63.13.3475 | L47: 17.27.5580 | M47: UN | N47: Saba Island | O47: UN | P47: 0.50347222 | Q47: UN | R47: Carcharhinus perezii | S47: Caribbean Reef Shark | T47: M | U47: 121 | V47: NA | W47: NA | X47: NA | Y47: 0 | Z47: 0 | AA47: NA | AB47: NA | AC47: ID7072 | AD47: NA | AE47: NA | AF47: NA | AG47: NA | AH47: 0 | AI47: NA | AJ47: 0
A48: SoS | B48: 2019 | C48: May | D48: 13 | E48: UN | F48: NA | G48: Rod-Hook | K48: 63.13.3475 | L48: 17.27.5580 | M48: UN | N48: Saba Island | O48: UN | P48: 0.51041667 | Q48: UN | R48: Carcharhinus perezii | S48: Caribbean Reef Shark | T48: M | U48: 122 | V48: NA | W48: NA | X48: NA | Y48: 0 | Z48: 0 | AA48: NA | AB48: NA | AC48: NA | AD48: NA | AE48: NA | AF48: NA | AG48: NA | AH48: 0 | AI48: NA | AJ48: 0
A49: SoS | B49: 2016 | C49: October | D49: 19 | E49: 1 | F49: NA | G49: LL | K49: 18.02.467 | L49: 63.08.468 | M49: 51 | N49: SXM | O49: Gregory | P49: 0.41111111 | Q49: UN | R49: Carcharhinus perezii | S49: Caribbean Reef Shark | T49: M | U49: 113 | V49: 96 | W49: 83 | X49: NA | Y49: 1 | Z49: 0 | AA49: NA | AB49: NA | AC49: NA | AD49: NA | AE49: NA | AF49: NA | AG49: NA | AH49: 0 | AI49: NA | AJ49: 0 | AK49: Pilot
A50: SoS | B50: 2016 | C50: October | D50: 19 | E50: 2 | F50: NA | G50: LL | K50: 18.02.467 | L50: 63.08.468 | M50: 55 | N50: SXM | O50: Gregory | P50: 0.41111111 | Q50: UN | R50: Carcharhinus perezii | S50: Caribbean Reef Shark | T50: M | U50: 116 | V50: 99 | W50: 89 | X50: NA | Y50: 1 | Z50: 0 | AA50: NA | AB50: NA | AC50: NA | AD50: NA | AE50: NA | AF50: NA | AG50: NA | AH50: 0 | AI50: NA | AJ50: 0 | AK50: Pilot
A51: SoS | B51: 2016 | C51: October | D51: 19 | E51: 3 | F51: NA | G51: LL | K51: 18.01.012 | L51: 63.06.323 | M51: 55 | N51: SXM | O51: Frenchman's Reef | P51: 0.49791667 | Q51: UN | R51: Galeocerdo cuvier | S51: Tiger Shark | T51: F | U51: 226 | V51: 196 | W51: 176 | X51: NA | Y51: 1 | Z51: 0 | AA51: NA | AB51: NA | AC51: NA | AD51: NA | AE51: NA | AF51: NA | AG51: NA | AH51: 0 | AI51: NA | AJ51: 0 | AK51: Pilot
A52: SoS | B52: 2016 | C52: October | D52: 20 | E52: 4 | F52: NA | G52: DL | K52: 18.01.099 | L52: 63.06.262 | M52: 53 | N52: SXM | O52: Frenchman's Reef | P52: 0.49513889 | Q52: UN | R52: Galeocerdo cuvier | S52: Tiger Shark | T52: F | U52: 137 | V52: 107 | W52: 97 | X52: NA | Y52: 1 | Z52: 0 | AA52: NA | AB52: 00053 | AC52: NA | AD52: NA | AE52: NA | AF52: NA | AG52: NA | AH52: 0 | AI52: NA | AJ52: 0 | AK52: Pilot
A53: SoS | B53: 2016 | C53: October | D53: 20 | E53: 5 | F53: NA | G53: DL | K53: 18.01.228 | L53: 63.06.383 | M53: 50 | N53: SXM | O53: Frenchman's Reef | P53: 0.50486111 | Q53: UN | R53: Carcharhinus perezii | S53: Caribbean Reef Shark | T53: M | U53: 151 | V53: 124 | W53: 162 | X53: NA | Y53: 1 | Z53: 0 | AA53: NA | AB53: 00064 | AC53: NA | AD53: NA | AE53: NA | AF53: NA | AG53: NA | AH53: 0 | AI53: NA | AJ53: 0 | AK53: Pilot
A54: SoS | B54: 2016 | C54: October | D54: 20 | E54: 6 | F54: NA | G54: DL | K54: 18.01.099 | L54: 63.06.262 | M54: 53 | N54: SXM | O54: Frenchman's Reef | P54: 0.58333333 | Q54: UN | R54: Carcharhinus perezii | S54: Caribbean Reef Shark | T54: F | U54: 157 | V54: 134 | W54: 124 | X54: NA | Y54: 1 | Z54: 0 | AA54: NA | AB54: 00066 | AC54: NA | AD54: NA | AE54: NA | AF54: NA | AG54: NA | AH54: 0 | AI54: NA | AJ54: 0 | AK54: Pilot
A55: SoS | B55: 2016 | C55: October | D55: 25 | E55: 7 | F55: NA | G55: DL | K55: 18.01.545 | L55: 63.07.091 | M55: 44 | N55: SXM | O55: The Bridge | P55: 0.36527778 | Q55: UN | R55: Galeocerdo cuvier | S55: Tiger Shark | T55: M | U55: 102 | V55: 75 | W55: 67 | X55: NA | Y55: 1 | Z55: 0 | AA55: 423BA473/2 Lusca | AB55: 00060 | AC55: NA | AD55: NA | AE55: NA | AF55: NA | AG55: NA | AH55: 0 | AI55: NA | AJ55: 0 | AK55: Pilot
A56: SoS | B56: 2016 | C56: October | D56: 25 | E56: 8 | F56: NA | G56: DL | K56: 18.01.597 | L56: 63.07.230 | M56: 53 | N56: SXM | O56: The Bridge | P56: 0.47916667 | Q56: UN | R56: Galeocerdo cuvier | S56: Tiger Shark | T56: M | U56: 158 | V56: 122 | W56: 110 | X56: NA | Y56: 1 | Z56: 0 | AA56: NA | AB56: 00073 | AC56: NA | AD56: NA | AE56: NA | AF56: NA | AG56: NA | AH56: 0 | AI56: NA | AJ56: 0 | AK56: Pilot
A57: SoS | B57: 2016 | C57: October | D57: 2 | E57: 9 | F57: Julia | G57: DL | H57: method: these should be Rod-Hook | K57: 18.01.059 | L57: 63.06.106 | M57: 44 | N57: SXM | O57: The Bridge | P57: 0.48263889 | Q57: BRH | R57: Galeocerdo cuvier | S57: Tiger Shark | T57: F | U57: 100 | V57: un | W57: 78.5 | X57: NA | Y57: 1 | Z57: 0 | AA57: BF87FBD | AB57: NA | AC57: 1253201-45893 | AD57: NA | AE57: NA | AF57: NA | AG57: NA | AH57: 0 | AI57: NA | AJ57: 0
A58: SoS | B58: 2016 | C58: October | D58: 7 | E58: 10 | F58: Lynn | G58: DL | K58: 18.01.736 | L58: 63.06.758 | M58: 42.4 | N58: SXM | O58: Beacon Hill | P58: 0.60138889 | Q58: BT | R58: Galeocerdo cuvier | S58: Tiger Shark | T58: F | U58: 151 | V58: 123 | W58: 114 | X58: NA | Y58: 1 | Z58: 0 | AA58: BF87FD9 | AB58: 00058 | AC58: 1253199-16571 | AD58: NA | AE58: NA | AF58: NA | AG58: NA | AH58: 0 | AI58: NA | AJ58: 0 | AK58: Shark has maybe 2 PIT tags; BF875C6
A59: SoS | B59: 2016 | C59: October | D59: 7 | E59: 11 | F59: Yumi | G59: DL | K59: 18.01.481 | L59: 63.06.969 | M59: 46.8 | N59: SXM | O59: The Bridge | P59: 0.63541667 | Q59: BT | R59: Galeocerdo cuvier | S59: Tiger Shark | T59: F | U59: 150 | V59: 120 | W59: 108 | X59: NA | Y59: 1 | Z59: 0 | AA59: BF87F9E | AB59: 00061 | AC59: NA | AD59: NA | AE59: NA | AF59: NA | AG59: NA | AH59: 0 | AI59: NA | AJ59: 0
A60: SoS | B60: 2016 | C60: October | D60: 7 | E60: 12 | F60: NA | G60: DL | K60: 18.01.310 | L60: 63.06.952 | M60: 54.4 | N60: SXM | O60: The Bridge | P60: 0.66666667 | Q60: BM | R60: Carcharhinus perezii | S60: Caribbean Reef Shark | T60: F | U60: 163 | V60: 133 | W60: 117 | X60: NA | Y60: 1 | Z60: 0 | AA60: BF87FC3 | AB60: 00070 | AC60: NA | AD60: NA | AE60: NA | AF60: NA | AG60: NA | AH60: 0 | AI60: NA | AJ60: 0
A61: SoS | B61: 2016 | C61: October | D61: 7 | E61: 9 | F61: Julia | G61: DL | K61: 18.01.226 | L61: 63.06.985 | M61: 67 | N61: SXM | O61: The Bridge | P61: 0.68055556 | Q61: BM | R61: Galeocerdo cuvier | S61: Tiger Shark | T61: F | U61: 100 | V61: 89 | W61: 78.5 | X61: NA | Y61: 1 | Z61: 0 | AA61: BF87FBD | AB61: NA | AC61: 1253201-45893 | AD61: NA | AE61: NA | AF61: NA | AG61: NA | AH61: 0 | AI61: NA | AJ61: 0
A62: SoS | B62: 2016 | C62: October | D62: 7 | E62: 13 | F62: Anja | G62: DL | K62: 18.01.130 | L62: 63.06.883 | M62: 71.3 | N62: SXM | O62: The Bridge | P62: 0.69444444 | Q62: BM+GR | R62: Galeocerdo cuvier | S62: Tiger Shark | T62: F | U62: 174 | V62: 143 | W62: 131 | X62: NA | Y62: 1 | Z62: 0 | AA62: BF87FHF | AB62: 00071 | AC62: NA | AD62: NA | AE62: NA | AF62: NA | AG62: NA | AH62: 0 | AI62: NA | AJ62: 0
A63: SoS | B63: 2016 | C63: October | D63: 7 | E63: 14 | F63: NA | G63: DL | K63: 18.01.893 | L63: 63.06.635 | M63: 33.9 | N63: SXM | O63: Beacon Hill | P63: 0.22708333 | Q63: BM+SN | R63: Ginglymostoma cirratum | S63: Nurse Shark | T63: M | U63: 205 | V63: na | W63: 155 | X63: NA | Y63: 1 | Z63: 0 | AA63: BF87F7F | AB63: 00075 | AC63: NA | AD63: NA | AE63: NA | AF63: NA | AG63: NA | AH63: 0 | AI63: NA | AJ63: 0
A64: SoS | B64: 2016 | C64: October | D64: 10 | E64: 15 | F64: Tilly? | G64: DL | K64: 18.01.131 | L64: 63.06.071 | M64: 31.1 | N64: SXM | O64: Charlie Shoal | P64: 0.67152778 | Q64: BT | R64: Galeocerdo cuvier | S64: Tiger Shark | T64: M | U64: 160 | V64: 126 | W64: 116 | X64: NA | Y64: 1 | Z64: 0 | AA64: BF87FAB | AB64: NA | AC64: 1253195-16567 | AD64: NA | AE64: NA | AF64: NA | AG64: NA | AH64: 0 | AI64: NA | AJ64: 0
A65: SoS | B65: 2016 | C65: October | D65: 10 | E65: 16 | F65: NA | G65: DL | K65: 18.01.069 | L65: 63.06.192 | M65: 49.7 | N65: SXM | O65: Charlie Shoal | P65: 0.69722222 | Q65: BH | R65: Carcharhinus perezii | S65: Caribbean Reef Shark | T65: F | U65: 193 | V65: 173 | W65: 160 | X65: NA | Y65: 1 | Z65: 0 | AA65: BF87FA0 | AB65: 00063 | AC65: NA | AD65: NA | AE65: NA | AF65: NA | AG65: NA | AH65: 0 | AI65: NA | AJ65: 0
A66: SoS | B66: 2016 | C66: October | D66: 10 | E66: 17 | F66: NA | G66: DLB | K66: 18.02.076 | L66: 63.06.604 | M66: 24.8 | N66: SXM | O66: Beacon Hill | P66: 0.73611111 | Q66: BH | R66: Ginglymostoma cirratum | S66: Nurse Shark | T66: M | U66: 205 | V66: na | W66: 159 | X66: NA | Y66: 1 | Z66: 0 | AA66: BF87FD0 | AB66: 00062 | AC66: NA | AD66: NA | AE66: NA | AF66: NA | AG66: NA | AH66: 0 | AI66: NA | AJ66: 0
A67: SoS | B67: 2016 | C67: October | D67: 12 | E67: 18 | F67: NA | G67: DL | K67: 18.00.545 | L67: 63.01.998 | M67: 57.3 | N67: SXM | O67: Point Blanche | P67: 0.44236111 | Q67: BM | R67: Carcharhinus perezii | S67: Caribbean Reef Shark | T67: M | U67: 137 | V67: 111 | W67: 98 | X67: NA | Y67: 1 | Z67: 0 | AA67: BF87FC1 | AB67: 00057 | AC67: NA | AD67: NA | AE67: NA | AF67: NA | AG67: NA | AH67: 0 | AI67: NA | AJ67: 0
A68: SoS | B68: 2016 | C68: October | D68: 12 | E68: 19 | F68: NA | G68: DL | K68: 18.00.324 | L68: 63.02.306 | M68: 62 | N68: SXM | O68: Point Blanche | P68: 0.45972222 | Q68: BM | R68: Carcharhinus perezii | S68: Caribbean Reef Shark | T68: F | U68: 117 | V68: 93 | W68: 87 | X68: NA | Y68: 1 | Z68: 0 | AA68: BF87FBC | AB68: 00069 | AC68: NA | AD68: NA | AE68: NA | AF68: NA | AG68: NA | AH68: 0 | AI68: NA | AJ68: 0
A69: SoS | B69: 2016 | C69: October | D69: 12 | E69: 20 | F69: Sea Fairy | G69: DL | K69: 18.00.039 | L69: 63.03.290 | M69: 56 | N69: SXM | O69: Port | P69: 0.49097222 | Q69: BT | R69: Galeocerdo cuvier | S69: Tiger Shark | T69: F | U69: 240 | V69: 171 | W69: 151 | X69: NA | Y69: 1 | Z69: 0 | AA69: BF87FC2 | AB69: NA | AC69: NA | AD69: NA | AE69: 16u0403 Small Standard | AF69: NA | AG69: NA | AH69: 0 | AI69: NA | AJ69: 0
A70: SoS | B70: 2016 | C70: October | D70: 16 | E70: 21 | F70: NA | G70: DL | K70: 17.14.879 | L70: 63.25.899 | M70: 76.9 | N70: Saba Bank | O70: 1_SB_South_6 | P70: 0.50972222 | Q70: BM | R70: Carcharhinus perezii | S70: Caribbean Reef Shark | T70: M | X70: NA | Y70: 0 | Z70: 0 | AA70: NA | AB70: NA | AC70: NA | AD70: NA | AE70: NA | AF70: NA | AG70: NA | AH70: 0 | AI70: NA | AJ70: 0 | AK70: Shark released early due to concerns about health
A71: SoS | B71: 2016 | C71: October | D71: 16 | E71: 22 | F71: NA | G71: DL | K71: 17.14.811 | L71: 63.26.041 | M71: 57.7 | N71: Saba Bank | O71: 1_SB_South_5 | P71: 0.52222222 | Q71: BM | R71: Carcharhinus perezii | S71: Caribbean Reef Shark | T71: F | U71: 102 | V71: 81 | W71: 72 | X71: NA | Y71: 1 | Z71: 0 | AA71: BF87F91 | AB71: NA | AC71: NA | AD71: NA | AE71: NA | AF71: NA | AG71: NA | AH71: 0 | AI71: NA | AJ71: 0
A72: SoS | B72: 2016 | C72: October | D72: 17 | E72: 23 | F72: NA | G72: DL | K72: 17.16.703 | L72: 63.17.482 | M72: 62 | N72: Saba Bank | O72: 2_SB_South_1 | P72: 0.33333333 | Q72: BT | R72: Carcharhinus perezii | S72: Caribbean Reef Shark | T72: M | U72: 169 | V72: 137 | W72: 123 | X72: NA | Y72: 1 | Z72: 0 | AA72: BF87FCF | AB72: NA | AC72: NA | AD72: NA | AE72: NA | AF72: NA | AG72: NA | AH72: 0 | AI72: NA | AJ72: 0
A73: SoS | B73: 2016 | C73: October | D73: 17 | E73: 24 | F73: NA | G73: DL | K73: 17.16.642 | L73: 63.16.826 | M73: 80.9 | N73: Saba Bank | O73: 2_SB_South_5 | P73: 0.35277778 | Q73: BM | R73: Carcharhinus perezii | S73: Caribbean Reef Shark | T73: M | U73: 88 | V73: 88 | W73: 71 | X73: NA | Y73: 1 | Z73: 0 | AA73: BF87FE0 | AB73: NA | AC73: NA | AD73: NA | AE73: NA | AF73: NA | AG73: NA | AH73: 0 | AI73: NA | AJ73: 0
A74: SoS | B74: 2016 | C74: October | D74: 17 | E74: 25 | F74: NA | G74: DL | K74: 17.16.838 | L74: 63.16.071 | M74: 79 | N74: Saba Bank | O74: 2_SB_South_6 | P74: 0.36388889 | Q74: BM | R74: Carcharhinus perezii | S74: Caribbean Reef Shark | T74: F | U74: 113 | V74: 92 | W74: 83 | X74: NA | Y74: 1 | Z74: 0 | AA74: BF87FC9 | AB74: NA | AC74: NA | AD74: NA | AE74: NA | AF74: NA | AG74: NA | AH74: 0 | AI74: NA | AJ74: 0
A75: SoS | B75: 2016 | C75: October | D75: 17 | E75: 26 | F75: NA | G75: DL | K75: 17.16.585 | L75: 63.16.465 | M75: 76.7 | N75: Saba Bank | O75: 2_SB_South_7 | P75: 0.375 | Q75: SBM | R75: Carcharhinus perezii | S75: Caribbean Reef Shark | T75: F | U75: 127 | V75: 102 | W75: 90 | X75: NA | Y75: 1 | Z75: 0 | AA75: BF87FCA | AB75: NA | AC75: NA | AD75: NA | AE75: NA | AF75: NA | AG75: NA | AH75: 0 | AI75: NA | AJ75: 0
A76: SoS | B76: 2016 | C76: October | D76: 17 | E76: 27 | F76: NA | G76: DL | K76: 17.16.703 | L76: 63.17.482 | M76: 62 | N76: Saba Bank | O76: 2_SB_South_1 | P76: 0.41597222 | Q76: BH | R76: Carcharhinus perezii | S76: Caribbean Reef Shark | T76: M | U76: 108 | V76: 87 | W76: 77 | X76: NA | Y76: 1 | Z76: 0 | AA76: BF87FA9 | AB76: NA | AC76: NA | AD76: NA | AE76: NA | AF76: NA | AG76: NA | AH76: 0 | AI76: NA | AJ76: 0 | AK76: No DNA taken, shark released early due to concerns about health
A77: SoS | B77: 2016 | C77: October | D77: 17 | E77: 28 | F77: NA | G77: DL | K77: 17.16.471 | L77: 63.16.721 | M77: 67.6 | N77: Saba Bank | O77: 2_SB_South_2 | P77: 0.42777778 | Q77: BT | R77: Carcharhinus perezii | S77: Caribbean Reef Shark | T77: M | U77: 112 | V77: 90 | W77: 81 | X77: NA | Y77: 1 | Z77: 0 | AA77: BF87FD4 | AB77: NA | AC77: NA | AD77: NA | AE77: NA | AF77: NA | AG77: NA | AH77: 0 | AI77: NA | AJ77: 0
A78: SoS | B78: 2016 | C78: October | D78: 17 | E78: 29 | F78: NA | G78: DL | K78: 17.16.666 | L78: 63.17.143 | M78: 59.6 | N78: Saba Bank | O78: 2_SB_South_3 | P78: 0.44027778 | Q78: BM | R78: Carcharhinus perezii | S78: Caribbean Reef Shark | T78: F | U78: 110 | V78: 93 | W78: 82 | X78: NA | Y78: 1 | Z78: 0 | AA78: BF87FD1 | AB78: NA | AC78: NA | AD78: NA | AE78: NA | AF78: NA | AG78: NA | AH78: 0 | AI78: NA | AJ78: 0
A79: SoS | B79: 2016 | C79: October | D79: 17 | E79: 30 | F79: NA | G79: DL | K79: 17.16.642 | L79: 63.16.826 | M79: 80.9 | N79: Saba Bank | O79: 2_SB_South_5 | P79: 0.45277778 | Q79: BM | R79: Carcharhinus perezii | S79: Caribbean Reef Shark | T79: M | U79: 108 | V79: 89 | W79: 80 | X79: NA | Y79: 1 | Z79: 0 | AA79: BF87FD2 | AB79: NA | AC79: NA | AD79: NA | AE79: NA | AF79: NA | AG79: NA | AH79: 0 | AI79: NA | AJ79: 0
A80: SoS | B80: 2016 | C80: October | D80: 17 | E80: 31 | F80: Queen of Saba | G80: DL | K80: 17.16.666 | L80: 63.17.143 | M80: 59.6 | N80: Saba Bank | O80: 2_SB_South_3 | P80: 0.48819444 | Q80: BT | R80: Galeocerdo cuvier | S80: Tiger Shark | T80: F | U80: 316 | V80: 260 | W80: 240 | X80: NA | Y80: 1 | Z80: 0 | AA80: BF87FC8 | AB80: NA | AC80: NA | AD80: NA | AE80: 16u1492/164938 | AF80: NA | AG80: NA | AH80: 0 | AI80: NA | AJ80: 0 | AK80: A lot of parasites on skin
A81: SoS | B81: 2016 | C81: October | D81: 17 | E81: 32 | F81: NA | G81: DL | K81: 17.16.471 | L81: 63.16.721 | M81: 67.6 | N81: Saba Bank | O81: 2_SB_South_2 | P81: 0.58194444 | Q81: BM | R81: Galeocerdo cuvier | S81: Tiger Shark | T81: F | U81: 322 | V81: 271 | W81: 237 | X81: NA | Y81: 1 | Z81: 0 | AA81: BF87FA1 | AB81: NA | AC81: NA | AD81: NA | AE81: NA | AF81: NA | AG81: NA | AH81: 0 | AI81: NA | AJ81: 0 | AK81: released due to health concerns
A82: SoS | B82: 2016 | C82: October | D82: 17 | E82: 33 | F82: NA | G82: DL | K82: 17.16.585 | L82: 63.16.465 | M82: 76.7 | N82: Saba Bank | O82: 2_SB_South_7 | P82: 0.55972222 | Q82: BM | R82: Carcharhinus perezii | S82: Caribbean Reef Shark | T82: M | U82: NA | V82: NA | W82: NA | X82: NA | Y82: 0 | Z82: 0 | AA82: NA | AB82: NA | AC82: NA | AD82: NA | AE82: NA | AF82: NA | AG82: NA | AH82: 0 | AI82: NA | AJ82: 0 | AK82: Released due to lack of time
A83: SoS | B83: 2016 | C83: October | D83: 17 | E83: 34 | F83: Sat3 | G83: DL | K83: 17.16.397 | L83: 63.16.435 | M83: 74 | N83: Saba Bank | O83: 2_SB_South_9 | P83: 0.59375 | Q83: SBM | R83: Galeocerdo cuvier | S83: Tiger Shark | T83: F | U83: 327 | V83: 278 | W83: 254 | X83: NA | Y83: 1 | Z83: 0 | AA83: BF87FDE | AB83: NA | AC83: NA | AD83: NA | AE83: 16u1497/164940 | AF83: NA | AG83: NA | AH83: 0 | AI83: NA | AJ83: 0 | AK83: Cut on pre caudal
A84: SoS | B84: 2016 | C84: October | D84: 17 | E84: 35 | F84: Sat4 | G84: DL | K84: 17.16.895 | L84: 63.16.204 | M84: 76.7 | N84: Saba Bank | O84: 2_SB_South_10 | P84: 0.65138889 | Q84: SBM | R84: Galeocerdo cuvier | S84: Tiger Shark | T84: F | U84: 357 | V84: 301 | W84: 270 | X84: NA | Y84: 1 | Z84: 0 | AA84: BF87FA8 | AB84: NA | AC84: NA | AD84: NA | AE84: 16u1494/164939 | AF84: NA | AG84: NA | AH84: 0 | AI84: NA | AJ84: 0 | AK84: Probably pregnant
A85: SoS | B85: 2016 | C85: October | D85: 18 | E85: 36 | F85: NA | G85: DL | K85: 17.26.087 | L85: 63.12.510 | M85: 88.3 | N85: Saba Bank | O85: 3_SB_East_8 | P85: 0.41458333 | Q85: BM | R85: Carcharhinus perezii | S85: Caribbean Reef Shark | T85: M | U85: 106 | V85: 83 | W85: 73 | X85: NA | Y85: 1 | Z85: 0 | AA85: BF87F80 | AB85: NA | AC85: NA | AD85: NA | AE85: NA | AF85: NA | AG85: NA | AH85: 0 | AI85: NA | AJ85: 0
A86: SoS | B86: 2016 | C86: October | D86: 18 | E86: 37 | F86: NA | G86: DL | K86: 17.26.461 | L86: 63.12.743 | M86: 100.4 | N86: Saba Bank | O86: 3_SB_East_10 | P86: 0.51875 | Q86: BM | R86: Carcharhinus perezii | S86: Caribbean Reef Shark | T86: F | U86: 179 | V86: 146 | W86: 132 | X86: NA | Y86: 1 | Z86: 0 | AA86: BF87F9C | AB86: NA | AC86: NA | AD86: NA | AE86: NA | AF86: NA | AG86: NA | AH86: 0 | AI86: NA | AJ86: 0
A87: SoS | B87: 2016 | C87: October | D87: 19 | E87: 38 | F87: Sat5 | G87: DL | K87: 17.30.103 | L87: 63.13.539 | M87: 79.8 | N87: Saba Bank | O87: 4_SB_PosionBank_6 | P87: 0.68055556 | Q87: BT | R87: Galeocerdo cuvier | S87: Tiger Shark | T87: F | U87: 343 | V87: 286 | W87: 264 | X87: NA | Y87: 1 | Z87: 0 | AA87: BF87F87 | AB87: NA | AC87: NA | AD87: NA | AE87: 16u1464/164937 | AF87: NA | AG87: NA | AH87: 0 | AI87: NA | AJ87: 0
A88: SoS | B88: 2016 | C88: October | D88: 19 | E88: 39 | F88: NA | G88: DL | K88: 17.29.881 | L88: 63.13.606 | M88: 78.4 | N88: Saba Bank | O88: 4_SB_PosionBank_7 | P88: 0.73611111 | Q88: Reef Shark Head | R88: Galeocerdo cuvier | S88: Tiger Shark | T88: F | U88: 289 | V88: 239 | W88: 214 | X88: NA | Y88: 1 | Z88: 0 | AA88: BF87FD3 | AB88: NA | AC88: NA | AD88: NA | AE88: NA | AF88: NA | AG88: NA | AH88: 0 | AI88: NA | AJ88: 0 | AK88: Released due to lack of daylight for full workup
A89: SoS | B89: 2016 | C89: October | D89: 20 | E89: 40 | F89: NA | G89: DL | K89: 17.32.685 | L89: 63.16.558 | M89: 76.1 | N89: Saba Bank | O89: 5_SB_NorthEast_8 | P89: 0.46111111 | Q89: BM | R89: Carcharhinus perezii | S89: Caribbean Reef Shark | T89: F | U89: 162 | V89: 131 | W89: 107 | X89: NA | Y89: 1 | Z89: 0 | AA89: BF87F82 | AB89: NA | AC89: NA | AD89: NA | AE89: NA | AF89: NA | AG89: NA | AH89: 0 | AI89: NA | AJ89: 0
A90: SoS | B90: 2016 | C90: October | D90: 20 | E90: 41 | F90: NA | G90: DL | K90: 17.33.511 | L90: 63.17.098 | M90: 74 | N90: Saba Bank | O90: 5_SB_NorthEast_11 | P90: 0.55625 | Q90: BM | R90: Carcharhinus perezii | S90: Caribbean Reef Shark | T90: F | U90: NA | V90: NA | W90: NA | X90: NA | Y90: 0 | Z90: 0 | AA90: NA | AB90: NA | AC90: NA | AD90: NA | AE90: NA | AF90: NA | AG90: NA | AH90: 0 | AI90: NA | AJ90: 0 | AK90: Released due to lack of time
A91: SoS | B91: 2016 | C91: October | D91: 21 | E91: 42 | F91: NA | G91: DL | K91: 17.29.660 | L91: 63.13.524 | M91: 86 | N91: Saba Bank | O91: 4_SB_PoisionBank_12 | P91: 0.37708333 | Q91: BM+BAM | R91: Carcharhinus perezii | S91: Caribbean Reef Shark | T91: F | U91: 98 | V91: 84 | W91: 75 | X91: NA | Y91: 1 | Z91: 0 | AA91: NA | AB91: NA | AC91: NA | AD91: NA | AE91: NA | AF91: NA | AG91: NA | AH91: 0 | AI91: NA | AJ91: 0 | AK91: No pit tag due to it tag complications during placement
A92: SoS | B92: 2016 | C92: October | D92: 21 | E92: 43 | F92: NA | G92: DL | K92: 17.30.654 | L92: 63.13.789 | M92: 87 | N92: Saba Bank | O92: 4_SB_PoisionBank_18 | P92: 0.58055556 | Q92: BT+BH | R92: Galeocerdo cuvier | S92: Tiger Shark | T92: UN | U92: NA | V92: NA | W92: NA | X92: NA | Y92: 0 | Z92: 0 | AA92: NA | AB92: NA | AC92: NA | AD92: NA | AE92: NA | AF92: NA | AG92: NA | AH92: 0 | AI92: NA | AJ92: 0 | AK92: Shark broke the line, no measurements done
A93: SoS | B93: 2016 | C93: October | D93: 27 | E93: 44 | F93: Liselot | G93: DL | K93: 18.00.726 | L93: 63.05.734 | M93: 57.6 | N93: SXM | O93: Frenchman's Reef | P93: 0.49097222 | Q93: BM | R93: Galeocerdo cuvier | S93: Tiger Shark | T93: F | U93: 285 | V93: 270 | W93: 242 | X93: NA | Y93: 1 | Z93: 0 | AA93: BF87FB8 | AB93: 00054 | AC93: NA | AD93: NA | AE93: NA | AF93: NA | AG93: NA | AH93: 0 | AI93: NA | AJ93: 0 | AK93: Vroege vogels
A94: SoS | B94: 2018 | C94: August | D94: 8 | E94: UN | F94: NA | G94: UN | J94: North of 12 Monkeys | K94: 17.47465 | L94: -63.22635 | M94: 22 | N94: Saba Bank | O94: UN | P94: 0.47291667 | Q94: UN | R94: Carcharhinus perezii | S94: Caribbean Reef Shark | T94: F | U94: 97.8 | V94: NA | W94: NA | X94: NA | Y94: 1 | Z94: 0 | AA94: NA | AB94: 001 | AC94: NA | AD94: NA | AE94: NA | AF94: NA | AG94: NA | AH94: 0 | AI94: CR01T | AJ94: 0 | AK94: Healthy, swam off quickly.
A95: SoS | B95: 2018 | C95: August | D95: 9 | E95: UN | F95: NA | G95: UN | K95: 17.45745 | L95: -63.21452 | M95: 160 | N95: Saba Bank | O95: UN | P95: 0.40972222 | Q95: UN | R95: Carcharhinus falciformis | S95: Silky shark | T95: F | U95: 112 | V95: NA | W95: NA | X95: NA | Y95: 1 | Z95: 0 | AA95: NA | AB95: NA | AC95: ID5822 | AD95: NA | AE95: NA | AF95: NA | AG95: NA | AH95: 0 | AI95: SS01T | AJ95: 0 | AK95: Healthy, swam off quickly; no blood sample.
A96: SoS | B96: 2018 | C96: August | D96: 9 | E96: UN | F96: NA | G96: UN | K96: 17.49243 | L96: -63.22805 | M96: 18.8 | N96: Saba Bank | O96: UN | P96: 0.56527778 | Q96: UN | R96: Carcharhinus perezii | S96: Caribbean Reef Shark | T96: M | U96: 104 | V96: NA | W96: NA | X96: NA | Y96: 1 | Z96: 0 | AA96: NA | AB96: 002 | AC96: NA | AD96: NA | AE96: NA | AF96: NA | AG96: NA | AH96: 0 | AI96: CR02T | AJ96: 0 | AK96: Healthy, swam off quickly.
A97: SoS | B97: 2018 | C97: August | D97: 10 | E97: UN | F97: NA | G97: UN | K97: 17.40537 | L97: -63.19577 | M97: 35.9 | N97: Saba Bank | O97: UN | P97: 0.51388889 | Q97: UN | R97: Carcharhinus perezii | S97: Caribbean Reef Shark | T97: F | U97: 113.5 | V97: NA | W97: NA | X97: NA | Y97: 1 | Z97: 0 | AA97: NA | AB97: 003 | AC97: NA | AD97: NA | AE97: NA | AF97: NA | AG97: NA | AH97: 0 | AI97: CR03T | AJ97: 0 | AK97: Swam off slowly.
A98: SoS | B98: 2018 | C98: August | D98: 14 | E98: UN | F98: NA | G98: UN | J98: Poison Bank south | K98: 17.46843 | L98: -63.22145 | M98: 29 | N98: Saba Bank | O98: poison_bank | P98: 0.32083333 | Q98: UN | R98: Carcharhinus perezii | S98: Caribbean Reef Shark | T98: M | U98: 85 | V98: NA | W98: NA | X98: NA | Y98: 1 | Z98: 1 | AA98: NA | AB98: 004 | AC98: NA | AD98: NA | AE98: NA | AF98: NA | AG98: NA | AH98: 0 | AI98: CR4T | AJ98: 0 | AK98: Blood sample: CR4B
A99: SoS | B99: 2018 | C99: August | D99: 14 | E99: UN | F99: NA | G99: UN | J99: 0589; Poison Bank south | K99: UN | L99: UN | M99: 65.3 | N99: Saba Bank | O99: poison_bank | P99: 0.47708333 | Q99: UN | R99: Carcharhinus perezii | S99: Caribbean Reef Shark | T99: F | U99: 104 | V99: NA | W99: NA | X99: NA | Y99: 1 | Z99: 1 | AA99: NA | AB99: 005 | AC99: NA | AD99: NA | AE99: NA | AF99: NA | AG99: NA | AH99: 0 | AI99: CR5T | AJ99: 0 | AK99: Guido bitten, Blood Sample: CR5B
A100: SoS | B100: 2018 | C100: August | D100: 15 | E100: UN | F100: NA | G100: UN | K100: 17.50175 | L100: -63.19663 | M100: 91 | N100: Saba Bank | O100: poison_bank | P100: 0.36805556 | Q100: UN | R100: Carcharhinus falciformis | S100: Silky shark | T100: M | U100: 117.5 | V100: NA | W100: NA | X100: NA | Y100: 1 | Z100: 1 | AA100: NA | AB100: NA | AC100: ID5823 | AD100: NA | AE100: NA | AF100: NA | AG100: NA | AH100: 0 | AI100: SS02T | AJ100: 0 | AK100: Blood sample: SS02B
...

Sheet Sets
A1: year | B1: month | C1: date | D1: location | E1: site | F1: waypoint | G1: method | H1: latitude | I1: longitude | J1: depth_(m) | K1: set | L1: check | M1: hook_number | N1: time_in | O1: time_in_cor | P1: time_check_1 | Q1: time_check_2 | R1: time_check_3 | S1: time_haul | T1: time_haul_cor | U1: bait | V1: result | W1: comments
A2: 2016 | B2: October | C2: 2 | D2: The Bridge | F2: 230 | G2: DL | H2: 18.01.182 | I2: 63.06.266 | J2: 46 | M2: 1 | N2: 0.36111111 | O2: 08:40:00 | P2: 0.43055556 | Q2: - | R2: - | S2: 0.47013889 | T2: 11:17:00 | U2: BRH | V2: -
A3: 2016 | B3: October | C3: 2 | D3: The Bridge | F3: 231 | G3: DL | H3: 18.01.059 | I3: 63.06.106 | J3: 44 | M3: 2 | N3: 0.36597222 | O3: 08:47:00 | P3: 0.43402778 | Q3: - | R3: - | S3: 0.48263889 | T3: 11:35:00 | U3: BRH+BRT | V3: Shark 9
A4: 2016 | B4: October | C4: 2 | D4: The Bridge | F4: 232 | G4: DL | H4: 18.01.007 | I4: 63.05.926 | J4: 46.5 | M4: 3 | N4: 0.36805556 | O4: 08:50:00 | P4: 0.4375 | Q4: 0.50138889 | R4: - | S4: 0.51458333 | T4: 12:21:00 | U4: BRH | V4: -
A5: 2016 | B5: October | C5: 2 | D5: Moonscape | F5: 233 | G5: DL | H5: 18.00.645 | I5: 63.05.645 | J5: 45.8 | M5: 4 | N5: 0.37430556 | O5: 08:59:00 | P5: 0.44097222 | Q5: - | R5: - | S5: 0.50347222 | T5: 12:05:00 | U5: BRT | V5: -
A6: 2016 | B6: October | C6: 2 | D6: Moonscape | F6: 234 | G6: DL | H6: 18.00.899 | I6: 63.05.378 | J6: 37.5 | M6: 5 | N6: 0.37847222 | O6: 09:05:00 | P6: 0.44375 | Q6: - | R6: - | S6: 0.50694444 | T6: 12:10:00 | U6: BRH | V6: -
A7: 2016 | B7: October | C7: 2 | D7: The Bridge | F7: 235 | G7: DL | H7: 18.01.308 | I7: 63.06.478 | J7: 47 | M7: 6 | N7: 0.47013889 | O7: 11:17:00 | P7: - | Q7: - | R7: - | S7: 0.51180556 | T7: 12:17:00 | U7: BRH | V7: -
A8: 2016 | B8: October | C8: 7 | D8: Beacon Hill | F8: 236 | G8: DL | H8: 18.02.238 | I8: 63.06.620 | J8: 23.4 | M8: 1 | N8: 0.43402778 | O8: 10:25:00 | P8: 0.50347222 | Q8: 0.59027778 | R8: - | S8: 0.75 | T8: 18:00:00 | U8: BM/BM/BM+SN | V8: -
A9: 2016 | B9: October | C9: 7 | D9: Beacon Hill | F9: 237 | G9: DL | H9: 18.01.893 | I9: 63.06.635 | J9: 33.9 | M9: 2 | N9: 0.44652778 | O9: 10:43:00 | P9: 0.50972222 | Q9: 0.59305556 | R9: - | S9: 0.72916667 | T9: 17:30:00 | U9: BM/BM+SN | V9: Shark 14
A10: 2016 | B10: October | C10: 7 | D10: Beacon Hill | F10: 238 | G10: DL | H10: 18.01.736 | I10: 63.06.758 | J10: 42.4 | M10: 3 | N10: 0.44722222 | O10: 10:44:00 | P10: 0.51111111 | Q10: - | R10: - | S10: 0.59652778 | T10: 14:19:00 | U10: BT | V10: Shark 10
A11: 2016 | B11: October | C11: 7 | D11: The Bridge | F11: 239 | G11: DL | H11: 18.01.481 | I11: 63.06.969 | J11: 46.8 | M11: 4 | N11: 0.45416667 | O11: 10:54:00 | P11: 0.51319444 | Q11: - | R11: - | S11: 0.63541667 | T11: 15:15:00 | U11: BT | V11: Shark 11
A12: 2016 | B12: October | C12: 7 | D12: The Bridge | F12: 240 | G12: DL | H12: 18.01.360 | I12: 63.07.046 | J12: 53.4 | M12: 5 | N12: 0.46041667 | O12: 11:03:00 | P12: 0.51527778 | Q12: - | R12: - | S12: 0.65972222 | T12: 15:50:00 | U12: BH | V12: -
A13: 2016 | B13: October | C13: 7 | D13: The Bridge | F13: 242 | G13: DL | H13: 18.01.310 | I13: 63.06.952 | J13: 54.4 | M13: 6 | N13: 0.46805556 | O13: 11:14:00 | P13: 0.53541667 | Q13: - | R13: - | S13: 0.66458333 | T13: 15:57:00 | U13: BM/BM | V13: Shark 12
A14: 2016 | B14: October | C14: 7 | D14: The Bridge | F14: 243 | G14: DL | H14: 18.01.226 | I14: 63.06.985 | J14: 67 | M14: 7 | N14: 0.47222222 | O14: 11:20:00 | P14: 0.5375 | Q14: - | R14: - | S14: 0.68055556 | T14: 16:20:00 | U14: BM | V14: Shark 9, recap
A15: 2016 | B15: October | C15: 7 | D15: The Bridge | F15: 244 | G15: DL | H15: 18.01.130 | I15: 63.06.883 | J15: 71.3 | M15: 8 | N15: 0.47569444 | O15: 11:25:00 | P15: 0.53888889 | Q15: - | R15: - | S15: 0.69444444 | T15: 16:40:00 | U15: BM+SN/BM+GR | V15: Shark 13
A16: 2016 | B16: October | C16: 7 | D16: The Bridge | F16: 245 | G16: DL | H16: 18.01.019 | I16: 63.06.829 | J16: 83.6 | M16: 9 | N16: 0.47916667 | O16: 11:30:00 | P16: 0.54305556 | Q16: - | R16: - | S16: 0.71875 | T16: 17:15:00 | U16: BM | V16: -
A17: 2016 | B17: October | C17: 7 | D17: The Bridge | F17: 246 | G17: DL | H17: 18.00.916 | I17: 63.06.762 | J17: 94.9 | M17: 10 | N17: 0.48402778 | O17: 11:37:00 | P17: 0.54513889 | Q17: - | R17: - | S17: 0.71944444 | T17: 17:16:00 | U17: BH | V17: -
A18: 2016 | B18: October | C18: 9 | D18: Beacon Hill | F18: 247 | G18: DL | H18: 18.02.142 | I18: 63.07.068 | J18: 15.3 | M18: 1 | N18: 0.44791667 | O18: 10:45:00 | P18: 0.51736111 | Q18: 0.58333333 | R18: - | S18: 0.62708333 | T18: 15:03:00 | U18: BM+GR | V18: -
A19: 2016 | B19: October | C19: 9 | D19: Beacon Hill | F19: 248 | G19: DL | H19: 18.02.102 | I19: 63.07.119 | J19: 26.5 | M19: 2 | N19: 0.45138889 | O19: 10:50:00 | P19: 0.51944444 | Q19: 0.58680556 | R19: - | S19: 0.62847222 | T19: 15:05:00 | U19: BM/BT | V19: -
A20: 2016 | B20: October | C20: 9 | D20: Beacon Hill | F20: 249 | G20: DL | H20: 18.02.017 | I20: 63.07.169 | J20: 34.3 | M20: 3 | N20: 0.45486111 | O20: 10:55:00 | P20: 0.52083333 | Q20: 0.58888889 | R20: - | S20: 0.63055556 | T20: 15:08:00 | U20: BT | V20: -
A21: 2016 | B21: October | C21: 9 | D21: Beacon Hill | F21: 250 | G21: DL | H21: 18.02.001 | I21: 63.07.244 | J21: 40 | M21: 4 | N21: 0.45694444 | O21: 10:58:00 | P21: 0.52569444 | Q21: 0.59305556 | R21: - | S21: 0.63194444 | T21: 15:10:00 | U21: BM | V21: -
A22: 2016 | B22: October | C22: 9 | D22: Beacon Hill | F22: 251 | G22: DL | H22: 18.01.927 | I22: 63.07.380 | J22: 40 | M22: 5 | N22: 0.45833333 | O22: 11:00:00 | P22: 0.52777778 | Q22: 0.59583333 | R22: - | S22: 0.63333333 | T22: 15:12:00 | U22: BH/BM | V22: -
A23: 2016 | B23: October | C23: 9 | D23: Beacon Hill | F23: 252 | G23: DL | H23: 18.01.904 | I23: 63.07.531 | J23: 41.7 | M23: 6 | N23: 0.46180556 | O23: 11:05:00 | P23: 0.53055556 | Q23: 0.59722222 | R23: - | S23: 0.63611111 | T23: 15:16:00 | U23: BM+GR/BM | V23: -
A24: 2016 | B24: October | C24: 9 | D24: Beacon Hill | F24: 253 | G24: DL | H24: 18.01.892 | I24: 63.07.652 | J24: 55.2 | M24: 7 | N24: 0.46388889 | O24: 11:08:00 | P24: 0.53333333 | Q24: 0.60138889 | R24: - | S24: 0.6375 | T24: 15:18:00 | U24: BM/BH | V24: -
A25: 2016 | B25: October | C25: 9 | D25: Porpoise | F25: 254 | G25: DL | H25: 18.01.881 | I25: 63.07.733 | J25: 65.6 | M25: 8 | N25: 0.46597222 | O25: 11:11:00 | P25: 0.53611111 | Q25: 0.60416667 | R25: - | S25: 0.64236111 | T25: 15:25:00 | U25: BM | V25: -
A26: 2016 | B26: October | C26: 9 | D26: Porpoise | F26: 255 | G26: DL | H26: 18.01.833 | I26: 63.07.802 | J26: 86.1 | M26: 9 | N26: 0.46875 | O26: 11:15:00 | P26: 0.53958333 | Q26: 0.60694444 | R26: - | S26: 0.64444444 | T26: 15:28:00 | U26: BT+GR/BM | V26: -
A27: 2016 | B27: October | C27: 9 | D27: Porpoise | F27: 256 | G27: DL | H27: 18.01.737 | I27: 63.07.798 | J27: 103.4 | M27: 10 | N27: 0.47222222 | O27: 11:20:00 | P27: 0.54166667 | Q27: 0.61111111 | R27: - | S27: 0.64791667 | T27: 15:33:00 | U27: BH/BM | V27: -
A28: 2016 | B28: October | C28: 10 | D28: Pelican | F28: 257 | G28: DL | H28: 18.01.539 | I28: 63.05.667 | J28: 16.1 | M28: 1 | N28: 0.37569444 | O28: 09:01:00 | P28: 0.45833333 | Q28: 0.53888889 | R28: - | S28: 0.56388889 | T28: 13:32:00 | U28: BM | V28: -
A29: 2016 | B29: October | C29: 10 | D29: Pelican | F29: 258 | G29: DL | H29: 18.01.348 | I29: 63.05.807 | J29: 27.1 | M29: 2 | N29: 0.37916667 | O29: 09:06:00 | P29: 0.46180556 | Q29: 0.54097222 | R29: - | S29: 0.56597222 | T29: 13:35:00 | U29: BT/BM | V29: -
A30: 2016 | B30: October | C30: 10 | D30: Charlie Shoal | F30: 259 | G30: DL | H30: 18.01.131 | I30: 63.06.071 | J30: 31.1 | M30: 3 | N30: 0.38333333 | O30: 09:12:00 | P30: 0.46458333 | Q30: 0.54305556 | R30: 0.60069444 | S30: 0.67152778 | T30: 16:07:00 | U30: BM/BT | V30: Shark 15
A31: 2016 | B31: October | C31: 10 | D31: Charlie Shoal | F31: 260 | G31: DL | H31: 18.01.069 | I31: 63.06.192 | J31: 49.7 | M31: 4 | N31: 0.38541667 | O31: 09:15:00 | P31: 0.46666667 | Q31: 0.54444444 | R31: 0.60208333 | S31: 16:44:00 | T31: 16:44:00 | U31: BH | V31: Shark 16
A32: 2016 | B32: October | C32: 10 | D32: The Bridge | F32: 261 | G32: DL | H32: 18.01.107 | I32: 63.06.315 | J32: 55.1 | M32: 5 | N32: 0.3875 | O32: 09:18:00 | P32: 0.46805556 | Q32: 0.54583333 | R32: 0.60694444 | S32: 0.70972222 | T32: 17:02:00 | U32: BM/BM+SN | V32: -
A33: 2016 | B33: October | C33: 10 | D33: The Bridge | F33: 262 | G33: DL | H33: 18.01.217 | I33: 63.06.367 | J33: 51.1 | M33: 6 | N33: 0.38958333 | O33: 09:21:00 | P33: 0.47013889 | Q33: 0.54722222 | R33: 0.60902778 | S33: 0.72916667 | T33: 17:30:00 | U33: BM | V33: -
A34: 2016 | B34: October | C34: 10 | D34: The Bridge | F34: 263 | G34: DL | H34: 18.00.973 | I34: 63.06.623 | J34: 60.2 | M34: 7 | N34: 0.39236111 | O34: 09:25:00 | P34: 0.47222222 | Q34: 0.55 | R34: 0.61180556 | S34: 0.7125 | T34: 17:06:00 | U34: BM/BM+SN | V34: -
A35: 2016 | B35: October | C35: 10 | D35: The Bridge | F35: 264 | G35: DL | H35: 18.00.847 | I35: 63.06.575 | J35: 73.1 | M35: 8 | N35: 0.39513889 | O35: 09:29:00 | P35: 0.475 | Q35: 0.55277778 | R35: 0.61388889 | S35: 0.72569444 | T35: 17:25:00 | U35: BT | V35: -
A36: 2016 | B36: October | C36: 10 | D36: The Bridge | F36: 265 | G36: DL | H36: 18.01.006 | I36: 63.06.826 | J36: 85 | M36: 9 | N36: 0.39791667 | O36: 09:33:00 | P36: 0.47708333 | Q36: 0.55555556 | R36: 0.61666667 | S36: 0.72152778 | T36: 17:19:00 | U36: BH | V36: -
A37: 2016 | B37: October | C37: 10 | D37: The Bridge | F37: 267 | G37: DL | H37: 18.00.976 | I37: 63.06.992 | J37: 106.4 | M37: 10 | N37: 0.40069444 | O37: 09:37:00 | P37: 0.47847222 | Q37: 0.55763889 | R37: 0.11875 | S37: 0.72013889 | T37: 17:17:00 | U37: BM | V37: -
A38: 2016 | B38: October | C38: 10 | D38: Beacon Hill | F38: 268 | G38: DLB | H38: 18.02.241 | I38: 63.06.678 | J38: 21.4 | M38: 1 | N38: 0.56944444 | O38: 13:40:00 | P38: 0.62291667 | Q38: - | R38: - | S38: 0.73194444 | T38: 17:34:00 | U38: BM | V38: -
A39: 2016 | B39: October | C39: 10 | D39: Beacon Hill | F39: 269 | G39: DLB | H39: 18.02.076 | I39: 63.06.604 | J39: 24.8 | M39: 2 | N39: 0.57222222 | O39: 13:44:00 | P39: 0.62569444 | Q39: - | R39: - | S39: 0.73611111 | T39: 17:40:00 | U39: BH | V39: Shark 17
A40: 2016 | B40: October | C40: 12 | D40: Point Blanche | F40: 270 | G40: DL | H40: 18.00.650 | I40: 63.01.961 | J40: 32 | M40: 1 | N40: 0.36666667 | O40: 08:48:00 | P40: - | Q40: - | R40: - | S40: 0.43819444 | T40: 10:31:00 | U40: BM | V40: -
A41: 2016 | B41: October | C41: 12 | D41: Point Blanche | F41: 271 | G41: DL | H41: 18.00.758 | I41: 63.01.793 | J41: 40.5 | M41: 2 | N41: 0.37222222 | O41: 08:56:00 | P41: - | Q41: - | R41: - | S41: 0.43958333 | T41: 10:33:00 | U41: BM | V41: -
A42: 2016 | B42: October | C42: 12 | D42: Point Blanche | F42: 271 | G42: DL | H42: 18.00.545 | I42: 63.01.998 | J42: 57.3 | M42: 3 | N42: 0.38055556 | O42: 09:08:00 | P42: - | Q42: - | R42: - | S42: 0.44166667 | T42: 10:36:00 | U42: BM | V42: Shark 18
A43: 2016 | B43: October | C43: 12 | D43: Point Blanche | F43: 273 | G43: DL | H43: 18.00.324 | I43: 63.02.306 | J43: 62 | M43: 4 | N43: 0.38402778 | O43: 09:13:00 | P43: - | Q43: - | R43: - | S43: 0.45972222 | T43: 11:02:00 | U43: BH | V43: Shark 19
A44: 2016 | B44: October | C44: 12 | D44: Port | F44: 274 | G44: DL | H44: 18.00.065 | I44: 63.02.666 | J44: 68 | M44: 5 | N44: 0.38680556 | O44: 09:17:00 | P44: - | Q44: - | R44: - | S44: 0.475 | T44: 11:24:00 | U44: BM | V44: -
A45: 2016 | B45: October | C45: 12 | D45: Port | F45: 275 | G45: DL | H45: 17.59.873 | I45: 63.02.769 | J45: 68 | M45: 6 | N45: 0.39027778 | O45: 09:22:00 | P45: - | Q45: - | R45: - | S45: 0.47777778 | T45: 11:28:00 | U45: BM | V45: -
A46: 2016 | B46: October | C46: 12 | D46: Port | F46: 276 | G46: DLB | H46: 18.00.085 | I46: 63.03.021 | J46: 55.7 | M46: 7 | N46: 0.39444444 | O46: 09:28:00 | P46: - | Q46: - | R46: - | S46: 0.48125 | T46: 11:33:00 | U46: BM | V46: -
A47: 2016 | B47: October | C47: 12 | D47: Port | F47: 277 | G47: DLB | H47: 18.00.239 | I47: 63.03.102 | J47: 49 | M47: 8 | N47: 0.39791667 | O47: 09:33:00 | P47: - | Q47: - | R47: - | S47: 0.48472222 | T47: 11:38:00 | U47: BH | V47: -
A48: 2016 | B48: October | C48: 12 | D48: Port | F48: 278 | G48: DL | H48: 18.00.145 | I48: 63.03.223 | J48: 53 | M48: 9 | N48: 0.40069444 | O48: 09:37:00 | P48: - | Q48: - | R48: - | S48: 0.48611111 | T48: 11:40:00 | U48: BM | V48: -
A49: 2016 | B49: October | C49: 12 | D49: Port | F49: 279 | G49: DL | H49: 18.00.039 | I49: 63.03.290 | J49: 56 | M49: 10 | N49: 0.40347222 | O49: 09:41:00 | P49: - | Q49: - | R49: - | S49: 0.49097222 | T49: 11:47:00 | U49: BT | V49: Shark 20
A50: 2016 | B50: October | C50: 12 | D50: Little Bay | F50: 281 | G50: DL | H50: 18.00.886 | I50: 63.04.231 | J50: 40 | M50: 1 | N50: 0.56388889 | O50: 13:32:00 | P50: - | Q50: - | R50: - | S50: 0.64930556 | T50: 15:35:00 | U50: BM | V50: -
A51: 2016 | B51: October | C51: 12 | D51: Cay Bay | F51: 281 | G51: DL | H51: 18.00.748 | I51: 63.04.258 | J51: 44 | M51: 2 | N51: 0.56666667 | O51: 13:36:00 | P51: - | Q51: - | R51: - | S51: 0.65208333 | T51: 15:39:00 | U51: BM | V51: -
... A59: 2016 | B59: October | C59: 12 | D59: Charlie Shoal | F59: 293 | G59: DL | H59: 18.00.404 | I59: 63.05.806 | J59: 70.6 | M59: 10 | N59: 0.58819444 | O59: 14:07:00 | P59: - | Q59: - | R59: - | S59: 0.66805556 | T59: 16:02:00 | U59: BT | V59: -
A60: 2016 | B60: October | C60: 13 | D60: Mullet Bay | F60: 294 | G60: DL | H60: 18.02.467 | I60: 63.07.892 | J60: 38.2 | M60: 1 | N60: 0.38125 | O60: 09:09:00 | P60: 0.44375 | Q60: 0.50694444 | R60: 0.59305556 | S60: 0.65416667 | T60: 15:42:00 | U60: BT/BM | V60: -
A61: 2016 | B61: October | C61: 13 | D61: Mullet Bay | F61: 295 | G61: DL | H61: 18.02.318 | I61: 63.07.970 | J61: 40.5 | M61: 2 | N61: 0.38402778 | O61: 09:13:00 | P61: 0.44513889 | Q61: 0.51041667 | R61: 0.59444444 | S61: 0.65555556 | T61: 15:44:00 | U61: BM | V61: -
A62: 2016 | B62: October | C62: 13 | D62: Mullet Bay | F62: 296 | G62: DL | H62: 18.02.138 | I62: 63.07.890 | J62: 47.7 | M62: 3 | N62: 0.38680556 | O62: 09:17:00 | P62: 0.44791667 | Q62: 0.5125 | R62: 0.59583333 | S62: 0.65694444 | T62: 15:46:00 | U62: BM | V62: -
A63: 2016 | B63: October | C63: 13 | D63: Maho Bay | F63: 297 | G63: DL | H63: 18.02.039 | I63: 63.07.700 | J63: 41.8 | M63: 4 | N63: 0.38958333 | O63: 09:21:00 | P63: 0.45 | Q63: 0.51388889 | R63: 0.59791667 | S63: 0.65277778 | T63: 15:40:00 | U63: BM | V63: -
A64: 2016 | B64: October | C64: 13 | D64: Maho Bay | F64: 298 | G64: DLB | H64: 18.01.923 | I64: 63.07.541 | J64: 39.3 | M64: 5 | N64: 0.39236111 | O64: 09:25:00 | P64: 0.45138889 | Q64: 0.51597222 | R64: 0.59930556 | S64: 0.66111111 | T64: 15:52:00 | U64: BM/BT | V64: -
A65: 2016 | B65: October | C65: 13 | D65: Beacon Hill | F65: 299 | G65: DLB | H65: 18.01.800 | I65: 63.07.302 | J65: 41.1 | M65: 6 | N65: 0.39375 | O65: 09:27:00 | P65: 0.45416667 | Q65: 0.51736111 | R65: 0.60138889 | S65: 0.66319444 | T65: 15:55:00 | U65: BH | V65: -
A66: 2016 | B66: October | C66: 13 | D66: Beacon Hill | F66: 300 | G66: DL | H66: 18.01.386 | I66: 63.07.234 | J66: 76 | M66: 7 | N66: 0.39722222 | O66: 09:32:00 | P66: 0.45763889 | Q66: 0.52083333 | R66: 0.60555556 | S66: 0.66597222 | T66: 15:59:00 | U66: BH/BM/BH | V66: -
A67: 2016 | B67: October | C67: 13 | D67: The Bridge | F67: 301 | G67: DL | H67: 18.01.049 | I67: 63.06.931 | J67: 72.5 | M67: 8 | N67: 0.39930556 | O67: 09:35:00 | P67: 0.45902778 | Q67: 0.52430556 | R67: 0.60902778 | S67: 0.62777778 | T67: 15:04:00 | U67: BM | V67: -
A68: 2016 | B68: October | C68: 13 | D68: The Bridge | F68: 302 | G68: DL | H68: 18.00.973 | I68: 63.06.878 | J68: 97.6 | M68: 9 | N68: 0.40208333 | O68: 09:39:00 | P68: 0.46041667 | Q68: 0.52569444 | R68: 0.61111111 | S68: 0.62986111 | T68: 15:07:00 | U68: BM/BT | V68: -
A69: 2016 | B69: October | C69: 13 | D69: The Bridge | F69: 303 | G69: DL | H69: 18.00.788 | I69: 63.06.648 | J69: 92.9 | M69: 10 | N69: 0.40416667 | O69: 09:42:00 | P69: 0.4625 | Q69: 0.52708333 | R69: 0.61319444 | S69: 0.63402778 | T69: 15:13:00 | U69: BM | V69: -
A70: 2016 | B70: October | C70: 16 | D70: 1_SB_South_1 | F70: 70 | G70: DL | H70: 17.14.657 | I70: 63.26.717 | J70: 62.5 | M70: 1 | N70: 0.42361111 | O70: 10:10:00 | P70: 0.49652778 | Q70: 0.5625 | R70: - | S70: 0.64652778 | T70: 15:31:00 | U70: BM/BT/BH | V70: -
A71: 2016 | B71: October | C71: 16 | D71: 1_SB_South_2 | F71: 71 | G71: DL | H71: 17.14.676 | I71: 63.26.587 | J71: 59.1 | M71: 2 | N71: 0.42708333 | O71: 10:15:00 | P71: 0.49861111 | Q71: 0.56527778 | R71: - | S71: 0.64861111 | T71: 15:34:00 | U71: BM | V71: Reef Shark broken loss from the hook before haul
A72: 2016 | B72: October | C72: 16 | D72: 1_SB_South_3 | F72: 73 | G72: DL | H72: 17.14.724 | I72: 63.26.372 | J72: 60.6 | M72: 3 | N72: 0.43402778 | O72: 10:25:00 | P72: 0.50069444 | Q72: 0.56666667 | R72: - | S72: 0.65069444 | T72: 15:37:00 | U72: BH/BM | V72: -
A73: 2016 | B73: October | C73: 16 | D73: 1_SB_South_4 | F73: 74 | G73: DL | H73: 17.14.742 | I73: 63.26.041 | J73: 56.7 | M73: 4 | N73: 0.43611111 | O73: 10:28:00 | P73: 0.50555556 | Q73: 0.56944444 | R73: - | S73: 0.65277778 | T73: 15:40:00 | U73: BM | V73: -
A74: 2016 | B74: October | C74: 16 | D74: 1_SB_South_5 | F74: 75 | G74: DL | H74: 17.14.811 | I74: 63.26.041 | J74: 57.7 | M74: 5 | N74: 0.44791667 | O74: 10:45:00 | P74: 0.50763889 | Q74: 0.57013889 | R74: - | S74: 0.65486111 | T74: 15:43:00 | U74: BM | V74: Shark_22
A75: 2016 | B75: October | C75: 16 | D75: 1_SB_South_6 | F75: 76 | G75: DL | H75: 17.14.879 | I75: 63.25.899 | J75: 76.9 | M75: 6 | N75: 0.45069444 | O75: 10:49:00 | P75: 0.50972222 | Q75: 0.58333333 | R75: - | S75: 0.65694444 | T75: 15:46:00 | U75: BM/BT | V75: Shark_21
A76: 2016 | B76: October | C76: 16 | D76: 1_SB_South_7 | F76: 78 | G76: DL | H76: 17.14.914 | I76: 63.25.689 | J76: 68.9 | M76: 7 | N76: 0.45347222 | O76: 10:53:00 | P76: 0.51597222 | Q76: 0.58611111 | R76: - | S76: 0.65902778 | T76: 15:49:00 | U76: BM/BT | V76: -
A77: 2016 | B77: October | C77: 16 | D77: 1_SB_South_8 | F77: 79 | G77: DL | H77: 17.15.006 | I77: 63.25.592 | J77: 64.7 | M77: 8 | N77: 0.45486111 | O77: 10:55:00 | P77: 0.51805556 | Q77: 0.59027778 | R77: - | S77: 0.66041667 | T77: 15:51:00 | U77: BT/BM | V77: -
A78: 2016 | B78: October | C78: 16 | D78: 1_SB_South_9 | F78: 80 | G78: DL | H78: 17.15.096 | I78: 63.25.501 | J78: 65.2 | M78: 9 | N78: 0.45972222 | O78: 11:02:00 | P78: 0.52083333 | Q78: 0.59166667 | R78: - | S78: 0.6625 | T78: 15:54:00 | U78: BH/BM | V78: -
A79: 2016 | B79: October | C79: 16 | D79: 1_SB_South_10 | F79: 81 | G79: DL | H79: 17.15.207 | I79: 63.25.394 | J79: 63.3 | M79: 10 | N79: 0.46388889 | O79: 11:08:00 | P79: 0.52222222 | Q79: 0.59375 | R79: - | S79: 0.66458333 | T79: 15:57:00 | U79: BM | V79: -
A80: 2016 | B80: October | C80: 17 | D80: 2_SB_South_1 | F80: 84 | G80: DL | H80: 17.16.703 | I80: 63.17.482 | J80: 62 | M80: 1 | N80: 0.25 | O80: 06:00:00 | P80: 0.33333333 | Q80: 0.41597222 | R80: 0.54166667 | S80: 0.70833333 | T80: 17:00:00 | U80: BT/BH | V80: Shark 23 and Shark 27
A81: 2016 | B81: October | C81: 17 | D81: 2_SB_South_2 | F81: 85 | G81: DL | H81: 17.16.471 | I81: 63.16.721 | J81: 67.6 | M81: 2 | N81: 0.25694444 | O81: 06:10:00 | P81: 0.34444444 | Q81: 0.42777778 | R81: 0.54513889 | S81: 0.58194444 | T81: 13:58:00 | U81: BM/BT/BM | V81: Shark 28 and shark 32
A82: 2016 | B82: October | C82: 17 | D82: 2_SB_South_3 | F82: 86 | G82: DL | H82: 17.16.666 | I82: 63.17.143 | J82: 59.6 | M82: 3 | N82: 0.26319444 | O82: 06:19:00 | P82: 0.34791667 | Q82: 0.44027778 | R82: - | S82: 0.48819444 | T82: 11:43:00 | U82: BM/BT | V82: Shark 29 and Shark 31
A83: 2016 | B83: October | C83: 17 | D83: 2_SB_South_4 | F83: 87 | G83: DL | H83: 17.16.624 | I83: 63.16.965 | J83: 75.3 | M83: 4 | N83: 0.26458333 | O83: 06:21:00 | P83: 0.35069444 | Q83: 0.45 | R83: 0.55486111 | S83: 0.71319444 | T83: 17:07:00 | U83: BM | V83: -
A84: 2016 | B84: October | C84: 17 | D84: 2_SB_South_5 | F84: 88 | G84: DL | H84: 17.16.642 | I84: 63.16.826 | J84: 80.9 | M84: 5 | N84: 0.26736111 | O84: 06:25:00 | P84: 0.35277778 | Q84: 0.45277778 | R84: 0.55694444 | S84: 0.71597222 | T84: 17:11:00 | U84: BM | V84: Shark 24 and Shark 30
A85: 2016 | B85: October | C85: 17 | D85: 2_SB_South_6 | F85: 89 | G85: DL | H85: 17.16.838 | I85: 63.16.071 | J85: 79 | M85: 6 | N85: 0.26805556 | O85: 06:26:00 | P85: 0.36388889 | Q85: 0.46180556 | R85: 0.55833333 | S85: 0.71944444 | T85: 17:16:00 | U85: BM | V85: Shark 25
A86: 2016 | B86: October | C86: 17 | D86: 2_SB_South_7 | F86: 90 | G86: DL | H86: 17.16.585 | I86: 63.16.465 | J86: 76.7 | M86: 7 | N86: 0.27152778 | O86: 06:31:00 | P86: 0.375 | Q86: 0.46319444 | R86: - | S86: 0.55972222 | T86: 13:26:00 | U86: SBM/BH/BM | V86: Shark 26 and Shark 33
A87: 2016 | B87: October | C87: 17 | D87: 2_SB_South_8 | F87: 91 | G87: DL | H87: 17.16.683 | I87: 63.16.381 | J87: 74.2 | M87: 8 | N87: 0.27569444 | O87: 06:37:00 | P87: 0.38819444 | Q87: - | R87: - | S87: - | T87: - | U87: SBT | V87: At 11:00 am bouy can not be found, equipment is lost
A88: 2016 | B88: October | C88: 17 | D88: 2_SB_South_9 | F88: 92 | G88: DL | H88: 17.16.397 | I88: 63.16.435 | J88: 74 | M88: 9 | N88: 0.27777778 | O88: 06:40:00 | P88: 0.38958333 | Q88: 0.46875 | R88: 0.56597222 | S88: 0.59375 | T88: 14:15:00 | U88: SBM | V88: Shark 34
A89: 2016 | B89: October | C89: 17 | D89: 2_SB_South_10 | F89: 93 | G89: DL | H89: 17.16.895 | I89: 63.16.204 | J89: 76.7 | M89: 10 | N89: 0.28263889 | O89: 06:47:00 | P89: 0.39166667 | Q89: 0.47013889 | R89: 0.57013889 | S89: 0.65138889 | T89: 15:38:00 | U89: SBM | V89: Shark 35
A90: 2016 | B90: October | C90: 18 | D90: 3_SB_East_1 | F90: 95 | G90: DL | H90: 17.24.830 | I90: 63.11.992 | J90: 75.3 | M90: 1 | N90: 0.25902778 | O90: 06:13:00 | P90: 0.32847222 | Q90: 0.40208333 | R90: - | S90: 0.48819444 | T90: 11:43:00 | U90: SBM/BM | V90: -
A91: 2016 | B91: October | C91: 18 | D91: 3_SB_east_2 | F91: 96 | G91: DL | H91: 17.24.989 | I91: 63.12.064 | J91: 68.4 | M91: 2 | N91: 0.26111111 | O91: 06:16:00 | P91: 0.33125 | Q91: 0.40416667 | R91: - | S91: 0.49027778 | T91: 11:46:00 | U91: SBM | V91: -
A92: 2016 | B92: October | C92: 18 | D92: 3_SB_East_3 | F92: 97 | G92: DL | H92: 17.25.144 | I92: 63.12.152 | J92: 67.8 | M92: 3 | N92: 0.26388889 | O92: 06:20:00 | P92: 0.33263889 | Q92: 0.40555556 | R92: - | S92: 0.49305556 | T92: 11:50:00 | U92: SBM/BM | V92: -
A93: 2016 | B93: October | C93: 18 | D93: 3_SB_East_4 | F93: 98 | G93: DL | H93: 17.25.331 | I93: 63.12.210 | J93: 85.5 | M93: 4 | N93: 0.26736111 | O93: 06:25:00 | P93: 0.33472222 | Q93: 0.40694444 | R93: - | S93: 0.49583333 | T93: 11:54:00 | U93: SBM | V93: -
A94: 2016 | B94: October | C94: 18 | D94: 3_SB_East_5 | F94: 99 | G94: DL | H94: 17.25.522 | I94: 63.12.313 | J94: 80.6 | M94: 5 | N94: 0.27083333 | O94: 06:30:00 | P94: 0.33611111 | Q94: 0.40972222 | R94: - | S94: 0.49861111 | T94: 11:58:00 | U94: BM/BT | V94: -
A95: 2016 | B95: October | C95: 18 | D95: 3_SB_East_6 | F95: 100 | G95: DL | H95: 17.25.707 | I95: 63.12.406 | J95: 80.4 | M95: 6 | N95: 0.27361111 | O95: 06:34:00 | P95: 0.3375 | Q95: 0.41111111 | R95: - | S95: 0.50277778 | T95: 12:04:00 | U95: BT | V95: -
A96: 2016 | B96: October | C96: 18 | D96: 3_SB_East_7 | F96: 101 | G96: DL | H96: 17.25.895 | I96: 63.12.510 | J96: 83.6 | M96: 7 | N96: 0.27708333 | O96: 06:39:00 | P96: 0.33888889 | Q96: 0.41319444 | R96: - | S96: 0.50763889 | T96: 12:11:00 | U96: SBM/BM | V96: -
A97: 2016 | B97: October | C97: 18 | D97: 3_SB_East_8 | F97: 102 | G97: DL | H97: 17.26.087 | I97: 63.12.510 | J97: 88.3 | M97: 8 | N97: 0.28055556 | O97: 06:44:00 | P97: 0.34027778 | Q97: 0.41458333 | R97: - | S97: 0.50972222 | T97: 12:14:00 | U97: BM | V97: Shark 36
A98: 2016 | B98: October | C98: 18 | D98: 3_SB_East_9 | F98: 103 | G98: DL | H98: 17.26.282 | I98: 63.12.616 | J98: 99 | M98: 9 | N98: 0.28333333 | O98: 06:48:00 | P98: 0.34236111 | Q98: 0.425 | R98: - | S98: 0.5125 | T98: 12:18:00 | U98: SBT/SBM | V98: -
A99: 2016 | B99: October | C99: 18 | D99: 3_SB_East_10 | F99: 104 | G99: DL | H99: 17.26.461 | I99: 63.12.743 | J99: 100.4 | M99: 10 | N99: 0.28680556 | O99: 06:53:00 | P99: 0.34375 | Q99: 0.42708333 | R99: - | S99: 0.51527778 | T99: 12:22:00 | U99: BH/BM | V99: Shark 37
A100: 2016 | B100: October | C100: 19 | D100: 4_SB_PosionBank_1 | F100: 105 | G100: DL | H100: 17.30.533 | I100: 63.13.926 | J100: 78.2 | M100: 1 | N100: 0.44791667 | O100: 10:45:00 | P100: 0.51458333 | Q100: 0.57569444 | R100: - | S100: 0.66666667 | T100: 16:00:00 | U100: SBM | V100: -
A101: 2016 | B101: October | C101: 19 | D101: 4_SB_PosionBank_2 | F101: 106 | G101: DL | H101: 17.30.658 | I101: 63.13.820 | J101: 75.9 | M101: 2 | N101: 0.45138889 | O101: 10:50:00 | P101: 0.51666667 | Q101: 0.077083333 | R101: - | S101: 0.67013889 | T101: 16:05:00 | U101: SBM/BM | V101: -
... A103: 2016 | B103: October | C103: 19 | D103: 4_SB_PosionBank_4 | F103: 108 | G103: DL | H103: 17.30.557 | I103: 63.13.457 | J103: 77.6 | M103: 4 | N103: 0.45763889 | O103: 10:59:00 | P103: 0.52083333 | Q103: 0.57986111 | R103: - | S103: 0.67569444 | T103: 16:13:00 | U103: SBM | V103: -
A104: 2016 | B104: October | C104: 19 | D104: 4_SB_PosionBank_5 | F104: 109 | G104: DL | H104: 17.30.347 | I104: 63.13.470 | J104: 76.5 | M104: 5 | N104: 0.46111111 | O104: 11:04:00 | P104: 0.52361111 | Q104: 13:58:00 PM | R104: - | S104: 0.67777778 | T104: 16:16:00 | U104: SBM | V104: -
A105: 2016 | B105: October | C105: 19 | D105: 4_SB_PosionBank_6 | F105: 110 | G105: DL | H105: 17.30.103 | I105: 63.13.539 | J105: 79.8 | M105: 6 | N105: 0.46527778 | O105: 11:10:00 | P105: 0.52569444 | Q105: 0.58333333 | R105: - | S105: 0.68055556 | T105: 16:20:00 | U105: BM/BT | V105: Shark 38
A106: 2016 | B106: October | C106: 19 | D106: 4_SB_PosionBank_7 | F106: 111 | G106: DL | H106: 17.29.881 | I106: 63.13.606 | J106: 78.4 | M106: 7 | N106: 0.46805556 | O106: 11:14:00 | P106: 0.52847222 | Q106: 0.58611111 | R106: - | S106: 0.73611111 | T106: 17:40:00 | U106: BM/Reef shark head | V106: Shark 39
A107: 2016 | B107: October | C107: 19 | D107: 4_SB_PosionBank_8 | F107: 112 | G107: DL | H107: 17.29.648 | I107: 63.13.582 | J107: 73 | M107: 8 | N107: 0.47361111 | O107: 11:22:00 | P107: 0.53125 | Q107: 0.59236111 | R107: - | S107: 0.75 | T107: 18:00:00 | U107: BM/BT | V107: -
A108: 2016 | B108: October | C108: 19 | D108: 4_SB_PosionBank_9 | F108: 113 | G108: DL | H108: 17.29.498 | I108: 63.13.672 | J108: 96.7 | M108: 9 | N108: 0.47777778 | O108: 11:28:00 | P108: 0.53333333 | Q108: 0.59444444 | R108: - | S108: 0.75208333 | T108: 18:03:00 | U108: BH | V108: -
...

Sheet BRUV
A1: year | B1: month | C1: day | D1: latitude | E1: longitude | F1: location | G1: site | H1: drop | I1: depth_(ft) | J1: camera | K1: bait | L1: bait_result | M1: time_in | N1: time_out | O1: wind_(kt) | P1: sea_(m) | Q1: swell_(m) | R1: cloud_cover | S1: tide | T1: comments
A2: 2021 | B2: 8 | C2: 1 | D2: 17°32.997 | E2: 63°16.757 | F2: Saba_bank | G2: moonfish_reef | H2: 1 | I2: 76 | J2: hero_4 | K2: lionfish | L2: BU | M2: 0.34444444 | N2: 0.475 | O2: 12 | P2: 1 | Q2: 3 (ft) | R2: 0.2 | S2: High
A3: 2021 | B3: 8 | C3: 1 | D3: 17°33.964 | E3: 63°18.133 | F3: Saba_bank | G3: moonfish_reef | H3: 2 | I3: 76 | J3: hero_5 | K3: lionfish | M3: 0.59444444 | N3: 0.64583333 | O3: 12 | P3: 1 | Q3: 1 | R3: 0.1 | S3: Low
A4: 2021 | B4: 8 | C4: 2 | D4: 17°33.710 | E4: 63°17.717 | F4: Saba_bank | G4: moonfish_reef | H4: 1 | I4: 62 | J4: hero_5 | K4: grunt | L4: BU | M4: 0.32361111 | N4: 0.37291667 | O4: 12 | P4: 1 | Q4: 1 | R4: 0.1 | S4: Medium
A5: 2021 | B5: 8 | C5: 2 | D5: 17°33.432 | E5: 63°17.311 | F5: Saba_bank | G5: moonfish_reef | H5: 1 | I5: 60 | J5: hero_8 | K5: grunt | L5: BB | M5: 0.34236111 | N5: 0.47430556 | O5: 12 | P5: 1 | Q5: 1 | R5: 0.1 | S5: Medium | T5: Camera not on
A6: 2021 | B6: 8 | C6: 2 | D6: 17°34.070 | E6: 63°18.236 | F6: Saba_bank | G6: moonfish_reef | H6: 2 | I6: 89 | J6: hero_5 | K6: grunt | L6: BU | M6: 0.375 | N6: 0.60555556 | O6: 10 | P6: 1.5 | Q6: 1 | R6: 0.15 | S6: Medium
A7: 2021 | B7: 8 | C7: 2 | D7: 17°32.440 | E7: 63°17.306 | F7: Saba_bank | G7: moonfish_reef | H7: 2 | I7: 55 | J7: hero_8 | K7: BH | L7: BG | M7: 0.47638889 | N7: 0.61944444 | O7: 10 | P7: 1 | Q7: 1 | R7: 0.05 | S7: Medium
A8: 2021 | B8: 8 | C8: 2 | D8: 17°33.504 | E8: 63°17.240 | F8: Saba_bank | G8: moonfish_reef | H8: 3 | I8: 67 | J8: hero_8 | K8: BT | L8: BU | M8: 0.62430556 | N8: 0.67708333 | O8: 10 | P8: 1.2 | Q8: 1 | R8: 0.2 | S8: Low
A9: 2021 | B9: 8 | C9: 3 | D9: 17°30.079 | E9: 63°14.533 | F9: Saba_bank | G9: poison_bank | H9: 1 | I9: 44 | J9: hero_5 | K9: parrotfish | L9: BG | M9: 0.34166667 | N9: 0.39722222 | O9: 12.5 | P9: 1 | Q9: 1.5 | R9: 0.15 | S9: High
A10: 2021 | B10: 8 | C10: 3 | D10: 17°29.292 | E10: 63°14.024 | F10: Saba_bank | G10: poison_bank | H10: 1 | I10: 46 | J10: hero_8 | K10: surgeonfish | L10: BG | M10: 0.35486111 | N10: 0.46458333 | O10: 12.5 | P10: 1 | Q10: 1.5 | R10: 0.15 | S10: High
A11: 2021 | B11: 8 | C11: 3 | D11: 17°30.044 | E11: 63°14.544 | F11: Saba_bank | G11: poison_bank | H11: 2 | I11: 48 | J11: hero_5 | K11: coney | L11: BG | M11: 0.40069444 | N11: 0.48472222 | O11: 15 | P11: 1 | Q11: 1.5 | R11: 0 | S11: High
A12: 2021 | B12: 8 | C12: 3 | D12: 17°29.351 | E12: 63°14.032 | F12: Saba_bank | G12: poison_bank | H12: 2 | I12: 45 | J12: hero_8 | K12: doctorfish | L12: BB | M12: 0.46666667 | N12: 0.6875 | O12: 15 | P12: 1 | Q12: 1.5 | R12: 0 | S12: High
A13: 2021 | B13: 8 | C13: 3 | D13: 17°30.181 | E13: 63°14.510 | F13: Saba_bank | G13: poison_bank | H13: 2 | I13: 45 | J13: hero_5 | K13: doctorfish | L13: BG | M13: 0.4875 | N13: 0.60902778 | O13: 15 | P13: 1 | Q13: 1.5 | R13: 0.05 | S13: High
A14: 2021 | B14: 8 | C14: 4 | D14: 17°33.466 | E14: 63°17.030 | F14: Saba_bank | G14: moonfish_reef | H14: 1 | I14: 67 | J14: hero_8 | K14: queentriggerfish_skin | L14: BU | M14: 0.45277778 | N14: 0.52638889 | O14: 16.5 | P14: 1.9 | Q14: 4.5 | R14: 0.7 | S14: High | T14: Camera on an angle
A15: 2021 | B15: 8 | C15: 4 | D15: 17°32.564 | E15: 63°16.616 | F15: Saba_bank | G15: moonfish_reef | H15: 1 | I15: 62 | J15: hero_5 | K15: queentriggerfish_skin | L15: BU | M15: 0.46875 | N15: 0.55486111 | O15: 16.5 | P15: 1.9 | Q15: 4.5 | R15: 0.5 | S15: High
A16: 2021 | B16: 8 | C16: 4 | D16: 17°33.492 | E16: 63°17.085 | F16: Saba_bank | G16: moonfish_reef | H16: 2 | I16: 66 | J16: hero_8 | K16: queentriggerfish_skin | L16: BU | M16: 0.52847222 | N16: 0.60069444 | O16: 16.5 | P16: 1.9 | Q16: 4.5 | R16: 0.4 | S16: High
A17: 2021 | B17: 8 | C17: 4 | D17: 17°32.650 | E17: 63°16.601 | F17: Saba_bank | G17: moonfish_reef | H17: 2 | I17: 63 | J17: hero_5 | K17: queentriggerfish_skin | L17: BU | M17: 0.55763889 | N17: 0.63541667 | O17: 16.5 | P17: 1.9 | Q17: 6 | R17: 0.6 | S17: High
A18: 2021 | B18: 8 | C18: 5 | D18: 17°30.222 | E18: 63°14.327 | F18: Saba_bank | G18: poison_bank | H18: 1 | I18: 48 | J18: hero_8 | K18: lionfish | L18: BU | M18: 0.34027778 | N18: 0.39652778 | O18: 16.5 | P18: 1.3 | Q18: 3 | R18: 0.05 | S18: High
A19: 2021 | B19: 8 | C19: 5 | D19: 17°29.217 | E19: 63°14.292 | F19: Saba_bank | G19: poison_bank | H19: 1 | I19: 43 | J19: hero_5 | K19: lionfish | L19: BG | M19: 0.35069444 | N19: 0.43333333 | O19: 16.5 | P19: 1.6 | Q19: 3 | R19: 0.05 | S19: High
A20: 2021 | B20: 8 | C20: 5 | D20: 17°30.320 | E20: 63°14.586 | F20: Saba_bank | G20: poison_bank | H20: 2 | I20: 59 | J20: hero_8 | K20: lionfish | L20: BU | M20: 0.39930556 | N20: 0.45486111 | O20: 16.5 | P20: 1.6 | Q20: 3 | R20: 0.2 | S20: High
A21: 2021 | B21: 8 | C21: 5 | D21: 17°29.254 | E21: 63°14.372 | F21: Saba_bank | G21: poison_bank | H21: 2 | I21: 43 | J21: hero_5 | K21: BT | L21: BB | M21: 0.43611111 | N21: 0.49791667 | O21: 16.5 | P21: 1.3 | Q21: 3 | R21: 0.7 | S21: High
A22: 2021 | B22: 8 | C22: 5 | D22: 17°30.395 | E22: 63°14.700 | F22: Saba_bank | G22: poison_bank | H22: 3 | I22: 66 | J22: hero_8 | K22: lionfish | L22: BB | M22: 0.45902778 | N22: 0.58194444 | O22: 16.5 | P22: 1.6 | Q22: 3 | R22: 0.9 | S22: High
A23: 2021 | B23: 8 | C23: 5 | D23: 17°29.314 | E23: 63°14.453 | F23: Saba_bank | G23: poison_bank | H23: 3 | I23: 42 | J23: hero_5 | K23: BT | L23: BB | M23: 0.50069444 | N23: 0.59930556 | O23: 16.5 | P23: 2.3 | Q23: 3 | R23: 0.05 | S23: High

Sheet Locations
A1: Location | B1: Broad location
A2: Saba | B2: Saba Island (Saba National Marine Park)
A3: SXM | B3: SXM
A4: Statia | B4: St. Eustatius
A5: Saba Bank | B5: Saba Bank
A6: Gregory | B6: SXM | C6: pls confirm with Tadzio
A7: Frenchman's Reef | B7: SXM | C7: pls confirm with Tadzio
A8: The Bridge | B8: SXM | C8: pls confirm with Tadzio
A9: Beacon Hill | B9: SXM | C9: pls confirm with Tadzio
A10: Charlie Shoal | B10: SXM | C10: pls confirm with Tadzio
A11: Point Blanche | B11: SXM | C11: pls confirm with Tadzio
A12: Port | B12: SXM | C12: pls confirm with Tadzio
A13: 1_SB_South_6 | B13: Saba Bank
A14: 1_SB_South_5 | B14: Saba Bank
A15: 2_SB_South_1 | B15: Saba Bank
A16: 2_SB_South_5 | B16: Saba Bank
A17: 2_SB_South_6 | B17: Saba Bank
A18: 2_SB_South_7 | B18: Saba Bank
A19: 2_SB_South_2 | B19: Saba Bank
A20: 2_SB_South_3 | B20: Saba Bank
A21: 2_SB_South_9 | B21: Saba Bank
A22: 2_SB_South_10 | B22: Saba Bank
A23: 3_SB_East_8 | B23: Saba Bank
A24: 3_SB_East_10 | B24: Saba Bank
... A35: Saba_Marine_Park | B35: Saba Island (Saba National Marine Park)

Sheet prelim_workup
A1: Expedition duration (days) | B1: =IFERROR(__xludf.DUMMYFUNCTION("COUNTUNIQUE(Sets!C149:C1147)"),12.0) -> 12
A2: Catch:
A3: species | B3: moonfish_reef | C3: poison_bank | D3: total
A4: TS | B4: =COUNTIFS(sharks!P:P,A4,sharks!M:M,B$3) -> 0 | C4: =COUNTIFS(sharks!P:P,A4,sharks!M:M,C$3) -> 0 | D4: =COUNTIF(sharks!P:P,A4) -> #REF!
A5: CRS | B5: =COUNTIFS(sharks!P:P,A5,sharks!M:M,B$3) -> 0 | C5: =COUNTIFS(sharks!P:P,A5,sharks!M:M,C$3) -> 0 | D5: =COUNTIF(sharks!P:P,A5) -> #REF!
A6: NS | B6: =COUNTIFS(sharks!P:P,A6,sharks!M:M,B$3) -> 0 | C6: =COUNTIFS(sharks!P:P,A6,sharks!M:M,C$3) -> 0 | D6: =COUNTIF(sharks!P:P,A6) -> #REF!
A7: OT | B7: 1 | C7: 1 | D7: 2
A10: Total sets: | B10: =COUNT(Sets!L:L) -> 446
A11: catch rate: | B11: =SUM(D4:D6)/B10 -> #REF! | D11: excluding barracudas :)
A13: Science:
B14: TS | C14: CRS | D14: NS
A15: PIT | B15: =COUNTIFS(sharks!P:P,"TS",sharks!X:X,"<>-") -> 0 | C15: =COUNTIFS(sharks!P:P,"CRS",sharks!X:X,"<>-") -> 0 | D15: =COUNTIFS(sharks!P:P,"NS",sharks!X:X,"<>-") -> 0
A16: FLOY | B16: =COUNTIFS(sharks!P:P,"TS",sharks!Y:Y,"<>-") -> 0 | C16: =COUNTIFS(sharks!P:P,"CRS",sharks!Y:Y,"<>-") -> 0 | D16: =COUNTIFS(sharks!P:P,"NS",sharks!Y:Y,"<>-") -> 0
A17: satellite | B17: =COUNTIFS(sharks!P:P,"TS",sharks!Z:Z,"<>-") -> 0 | C17: =COUNTIFS(sharks!P:P,"CRS",sharks!Z:Z,"<>-") -> 0 | D17: =COUNTIFS(sharks!P:P,"NS",sharks!Z:Z,"<>-") -> 0
A18: ultrasound | B18: =COUNTIFS(sharks!P:P,"TS",sharks!AB:AB,"<>-") -> 0 | C18: =COUNTIFS(sharks!P:P,"CRS",sharks!AB:AB,"<>-") -> 0 | D18: =COUNTIFS(sharks!P:P,"NS",sharks!AB:AB,"<>-") -> 0
A19: DNA | B19: =SUMIF(sharks!P:P,"TS",sharks!V:V) -> #N/A | C19: =SUMIF(sharks!P:P,"CRS",sharks!V:V) -> #N/A | D19: =SUMIF(sharks!P:P,"NS",sharks!V:V) -> #N/A
A20: blood | B20: =COUNTIFS(sharks!P:P,"TS",sharks!W:W,"<>-") -> 0 | C20: =COUNTIFS(sharks!P:P,"CRS",sharks!W:W,"<>-") -> 0 | D20: =COUNTIFS(sharks!P:P,"NS",sharks!AB:AB,"<>-") -> 0
A21: cloacal_swab | B21: =SUMIF(sharks!P:P,"TS",sharks!AC:AC) -> #N/A | C21: =SUMIF(sharks!P:P,"CRS",sharks!AC:AC) -> #N/A | D21: =SUMIF(sharks!P:P,"NS",sharks!AC:AC) -> #N/A
A22: measurements | B22: =COUNTIFS(sharks!P:P,"TS",sharks!R:R,"<>-") -> 0 | C22: =COUNTIFS(sharks!P:P,"CRS",sharks!R:R,"<>-") -> 0 | D22: =COUNTIFS(sharks!P:P,"NS",sharks!R:R,"<>-") -> 0
A25: Shark S10 --> pregnant but no satellite tag
